tweet_id,text,created_at,user_id,like_count,retweet_count,engagement_rate,lang,export_timestamp,dataset_version
2001541005489889743,"@lloyd_fronter4 @achehsultanate Pemerintah kau yang makin dibenci rakyat sendiri, tetibe nak salahkan Malaysia pulak. Kami hantar bantuan je, takde masa nak hasut rakyat kau. Rakyat kau sendiri yang nilai kerajaan kau. Kau nak salahkan Acheh ke bila Presiden Acheh dah hantar surat rasmi ke UN mintak bantuan? https://t.co/YRuf6GRhFU",2025-12-18 06:32:17,1802207576563834880,0,0,0.0,in,2025-12-18T06:37:26.217616,2025-12-18_063726_manual
2001540940146831446,Penetapan Desa Sadar Hukum Jawa Barat tahun 2025 merupakan perwujudan sinergi antara pemerintah pusat dan daerah dalam menjamin kepastian hukum hingga ke tingkat masyarakat akar rumput di Jabar. Kemenkum Jabar,2025-12-18 06:32:01,1177725229,0,0,0.0,in,2025-12-18T06:37:26.217616,2025-12-18_063726_manual
2001540934291599510,Langkah pemerintah nego tarif nol persen itu WIN banget! 💥 Strategi cerdas biar produk Indonesia bisa makin mendunia. Kita dukung penuh!,2025-12-18 06:32:00,1672117722270892033,0,0,0.0,in,2025-12-18T06:37:26.217616,2025-12-18_063726_manual
2001540934270623781,"""Pemerintah kita ga lelah memperkuat posisi Indonesia di kancah global. Kolaborasi pertahanan ini salah satu buktinya. #Bangga #Gaul""",2025-12-18 06:32:00,767193278559158272,0,0,0.0,in,2025-12-18T06:37:26.217616,2025-12-18_063726_manual
2001540774367003120,@ARSIPAJA kgk ada jelas2nya njir jd pemerintah,2025-12-18 06:31:22,1934091510540390400,0,0,0.0,in,2025-12-18T06:37:26.217616,2025-12-18_063726_manual
2001540758558614008,@MasBRO_back anjg pemerintah sialan najis,2025-12-18 06:31:18,1432623663405142021,0,0,0.0,in,2025-12-18T06:37:26.217616,2025-12-18_063726_manual
2001540703688802481,"Tolonglah buat para pemerintah kesampingkan dulu harga diri kalian yang gak seberapa itu, tolong dibenahi hatinya, cara pikirnya, lihat dulu apa yang jadi prioritas sekarang. Mereka yg disana tuh juga manusia seperti kalian, dan teman2 satwa yg habitatnya porak-poranda",2025-12-18 06:31:05,1537994408590602245,0,0,0.0,in,2025-12-18T06:37:26.217616,2025-12-18_063726_manual
2001540705093812261,Tiap ada berita gitu selalu speechless kek betulan ini pemerintah pada ngomong begini,2025-12-18 06:31:05,1949011929013641216,0,0,0.0,in,2025-12-18T06:37:26.217616,2025-12-18_063726_manual
2001540685913280544,@are_inismyname @bangpoerslalu @prabowo @azissubekti @Bambangmulyonoo @BANGSAygSUJUD @Ndons_Back @99propaganda @Kimberley_PS08 @IrawanRommi @florieliciouss @FDonghun Kalo rakyat disebut Inlander trus pemerintah itu penjajahnya gitu?,2025-12-18 06:31:01,2874724868,0,0,0.0,in,2025-12-18T06:37:26.217616,2025-12-18_063726_manual
2001540682637545921,"Pemerintah garap kerjasama militer strategis untuk kepentingan bangsa!,",2025-12-18 06:31:00,1254069216904450049,0,0,0.0,in,2025-12-18T06:37:26.217616,2025-12-18_063726_manual
2001540631739666477,@indepenSumatera Memang segitu aja kapasitasnya pemerintah konoha ini. https://t.co/s6R73WSuOV,2025-12-18 06:30:48,1166811520392544256,0,0,0.0,in,2025-12-18T06:37:26.217616,2025-12-18_063726_manual
2001540629264994420,@shotarosakie Udah hopeless bgt ma pemerintah 🙃,2025-12-18 06:30:47,1435798871863484417,0,0,0.0,in,2025-12-18T06:37:26.217616,2025-12-18_063726_manual
2001540573908623820,@sbyfess Wkwkwkw tobat gih dan jangan nyebokin pemerintah seperti beberapa teman saya,2025-12-18 06:30:34,1827654894616248320,0,0,0.0,in,2025-12-18T06:37:26.217616,2025-12-18_063726_manual
2001540527192444972,"Lagi-Lagi, Prabowo Sebut Kondisi Bencana sudah Semakin Membaik Presiden Prabowo Subianto menegaskan bahwa para pengungsi banjir bandang di Desa Salareh Aia, Kecamatan Palembayan, Kabupaten Agam, Sumatera Barat, tidak menghadapi musibah ini sendirian. Pemerintah, bersama TNI, https://t.co/rMBNq7GS7W",2025-12-18 06:30:23,68930552,0,0,0.0,in,2025-12-18T06:37:26.217616,2025-12-18_063726_manual
2001540464005255643,@frianto_laia @somexthread Buzzer pemerintah mending luh diam gk usah ikut2 an,2025-12-18 06:30:08,1602871792913170432,0,0,0.0,in,2025-12-18T06:37:26.217616,2025-12-18_063726_manual
2001540444485042293,@aoidoie Kita tiap hari ada aja ngeliat kegblkan mereka si pemerintah ini 🫠🫠🫠 kek lamban bgt buat tanggap nya,2025-12-18 06:30:03,237626749,0,0,0.0,in,2025-12-18T06:37:26.217616,2025-12-18_063726_manual
2001537222353522861,@tanyakanrl Coba dicek dlu nder. Barangkali yang bikin ganjel ternyata kebijakan pemerintah,2025-12-18 06:17:15,1900149100294856704,0,0,0.0,in,2025-12-18T06:37:26.217616,2025-12-18_063726_manual
2001537204024463550,"Emang Pemerintah udah dikasih jabatan tinggi, Pendidikan Tinggi tapi akal pikirannya masih Rendah. dahlah",2025-12-18 06:17:10,1186472098111246336,0,0,0.0,in,2025-12-18T06:37:26.217616,2025-12-18_063726_manual
2001537014290895246,Pemerintah Prabowo bersama TNI Mobilisasi semua sarana untuk suplay kebutuhan pangan dan air bersih di lokasi berncana. #Prabowobersamarakyat #MenteriDesaPeduliBencana #PemerintahDanTNITanggapBencana #PendampingDesaBantuSumatera #PendampingDesaBantuAceh https://t.co/VoEU15YJYb,2025-12-18 06:16:25,1986440447158624256,0,0,0.0,in,2025-12-18T06:37:26.217616,2025-12-18_063726_manual
2001536993071894708,@neVerAl0nely___ W PBB L Pemerintah Indonesia,2025-12-18 06:16:20,1017268718114488320,0,0,0.0,in,2025-12-18T06:37:26.217616,2025-12-18_063726_manual
2001536935274385756,"@indieeds Sama aja kak, cuma pemerintah daerahnya lumayan ok (sebagai influencer)",2025-12-18 06:16:06,54860557,0,0,0.0,in,2025-12-18T06:37:26.217616,2025-12-18_063726_manual
2001536900457476561,"Pemerintah mengatakan kami sanggup mengatasi bencana sumatera, jadi belum diperlukan bantuan dunia. Tapi Fakta dilapangan yg disampaikan reporter CNN sangat berbeda. Apa gak bangsat itu namanya! Laporan lapangan CNN Indonesia Irene Wardhanie, kondisi Aceh Tamiang (Rabu, 17/12). https://t.co/as2Kjtw8iz",2025-12-18 06:15:58,1329714991512002560,0,0,0.0,in,2025-12-18T06:37:26.217616,2025-12-18_063726_manual
2001536842433466651,"orgil. mereka disana butuh nutrisi lebih krna psikososialnya jg pasti gabaik baik aja, pemerintah tolol 10rebu sehari dapet apa anjiiikk.",2025-12-18 06:15:44,1097713411490598913,0,0,0.0,in,2025-12-18T06:37:26.217616,2025-12-18_063726_manual
2001536767321907580,ASML butuh 18 tahun dari prototype mesin litografi EUV tahun 2001 sampe bisa produksi komersial tahun 2019. Ahli memperkirakan China bisa 5 tahun. Target pemerintah China 3 tahun. 2028. https://t.co/4LaMg6JO4k,2025-12-18 06:15:26,185320244,0,0,0.0,in,2025-12-18T06:37:26.217616,2025-12-18_063726_manual
2001536757989507537,"#Repost @kem_atrbpn Halo #SobATRBPN, Bencana alam yang melanda Sumatra meninggalkan duka bagi banyak keluarga. Di tengah situasi sulit ini, pemerintah bergerak cepat mengirimkan bantuan logistik, #ATRBPNKiniLebihBaik #ATRBPNMajudanModern #MelayaniProfesionalTerpercaya",2025-12-18 06:15:24,970547615766011904,0,0,0.0,in,2025-12-18T06:37:26.217616,2025-12-18_063726_manual
2001536751060554076,"@iynn2710753 @blaugrana1O Benar, pemerintah (pejabat) tidak sadar karena masyarakat (rakyat) nya sendiri tidak sadar. Toh sistem kita demokrasi, jadi semua akar (baik dan buruk) nya ada di masyarakat (rakyat).",2025-12-18 06:15:22,1985310504450215936,0,0,0.0,in,2025-12-18T06:37:26.217616,2025-12-18_063726_manual
2001536726725202071,Kanwil Kemenkum Sulteng berperan sebagai mitra strategis pemerintah daerah. #KementerianHukum #KanwilKemenkumSulteng #LayananHukumMakinMudah #SetahunBerdampak,2025-12-18 06:15:17,2240340451,0,0,0.0,in,2025-12-18T06:37:26.217616,2025-12-18_063726_manual
2001536717770346835,"nangiss banget liat berita kondisi di Aceh, keadaan disana parah banget, pemerintah kenapa sih gnlk banget, gua nangis banget liat anak2 lari2an nungguin dijalan buat dapet makan, akuu gakuatt liatnya kasian mereka kelaparan :(((",2025-12-18 06:15:14,1882630200778997760,0,0,0.0,in,2025-12-18T06:37:26.217616,2025-12-18_063726_manual
2001536687214903465,Ichiban Kuji indo harganya 2x lipat dari harga asli. Kata gw fck pemerintah 😇,2025-12-18 06:15:07,1991892990802206720,0,0,0.0,in,2025-12-18T06:37:26.217616,2025-12-18_063726_manual
2001536676519350661,"yaaAllahh, sampe gatau lagi mau deskripsiin dzalimnya pemerintah kek apa.",2025-12-18 06:15:05,1836787050357587969,0,0,0.0,in,2025-12-18T06:37:26.217616,2025-12-18_063726_manual
2001529684681687491,"pemerintah terinspirasi dari konten ""10ribu ditangan istri yang tepat""",2025-12-18 05:47:18,118934328,0,0,0.0,in,2025-12-18T06:37:26.217616,2025-12-18_063726_manual
2001529683310186801,@ARSIPAJA 10rb per individu ato per KK? 2-2 ngawur. Gila sih pemerintah. Dzolim + serakahnya kebangetan,2025-12-18 05:47:17,1120824007106781184,0,0,0.0,in,2025-12-18T06:37:26.217616,2025-12-18_063726_manual
2001529679782776988,@MuhammadTuhasan Pemerintah memilki komitmen yang kuat dalam menjadikan penanganan bencana di Sumatera sebagai prioritas nasional.,2025-12-18 05:47:16,1978441142946373633,0,0,0.0,in,2025-12-18T06:37:26.217616,2025-12-18_063726_manual
2001529656781291756,@ARSIPAJA Ah tolol lu pemerintah,2025-12-18 05:47:11,857411092913414144,0,0,0.0,in,2025-12-18T06:37:26.217616,2025-12-18_063726_manual
2001529607519183087,PEMERINTAH INDONESIA KALAU KALIAN PUNYA NIAT TULUS TOLONG BERIKAN BANTUAN DAN BNPB BERIKAN STATUS BENCANA NASIONAL DI SUMATERA UTARA BARAT DAN ACEH JANGAN DIAM DOANG. PEJABAT YANG NGOMONG-NGOMONG NYINDIR INFLUENCER DAN YANG LAINNYA TUH NGGAK PERNAH MEMBERIKAN AKSI YANG NYATA,2025-12-18 05:46:59,449377649,0,0,0.0,in,2025-12-18T06:37:26.217616,2025-12-18_063726_manual
2001529598425907445,@narkosun Jika 10.000 sebagai bentuk kehadiran pemerintah minim sekali. Setelah kehilangan anggota keluarga rumah harta benda dan mata pencaharian.,2025-12-18 05:46:57,1858033765454667776,0,0,0.0,in,2025-12-18T06:37:26.217616,2025-12-18_063726_manual
2001529576573526296,Pemerintah bersama TNI Mobilisasi sarana untuk kebutuhan pangan& air bersih di lokasi Bencana. #PrabowoBersamaRakyat #MenteriDesaPeduliBencana #PemerintahDanTNITanggapBencana #PendampingDesaBantuSumatera @prabowo @YandriSusanto @ArizaPatria @prabowo @YandriSusanto @ArizaPatria https://t.co/zYXkfuQbGl,2025-12-18 05:46:52,1909782328261722112,0,0,0.0,in,2025-12-18T06:37:26.217616,2025-12-18_063726_manual
2001529526954988005,Pemerintah gmn si kocak,2025-12-18 05:46:40,1099668109684686848,0,0,0.0,in,2025-12-18T06:37:26.217616,2025-12-18_063726_manual
2001529527441461676,Pemerintah Prabowo + TNI Mobilisasi sarana ntuk suplay keb. pangan + air bersih di loks. Bencana #PrabowoBersamaRakyat #MenteriDesaPeduliBencana #PemerintahDanTNITanggapBencana #PendampingDesaBantuSumatera @prabowo @YandriSusanto @ArizaPatria @prabowo @YandriSusanto @ArizaPatria https://t.co/FarivlnGxn,2025-12-18 05:46:40,1614144734527901697,0,0,0.0,in,2025-12-18T06:37:26.217616,2025-12-18_063726_manual
2001529486890938610,"@indepenSumatera nih ya rakyat yg dananya gak seberapa kalo dibanding dana pemerintah aja bisa begini lohhh, pemerintahnya kemanaa ajaa yaaa",2025-12-18 05:46:30,1500706917500731392,0,0,0.0,in,2025-12-18T06:37:26.217616,2025-12-18_063726_manual
2001529470583509056,Hari-hari kasianin diri sendiri soalnya punya pemerintah mentalnya miskin ke rakyat tapi borju ke golongannya,2025-12-18 05:46:27,984099403123195904,0,0,0.0,in,2025-12-18T06:37:26.217616,2025-12-18_063726_manual
2001529463830638620,Tiap hari bangun buka sosmed ada aja yapping dr pemerintah yg bikin emosi gue naik,2025-12-18 05:46:25,1672285950851039232,0,0,0.0,in,2025-12-18T06:37:26.217616,2025-12-18_063726_manual
2001529424077058056,@achehsultanate Dulu Aceh ingin merdeka seperti irian dan keadaan sekarang apakah keinginan itu muncul lagi..di mana pemerintah yg harusnya jadi pengayom rakyatnya 😭😭,2025-12-18 05:46:15,1760932659319148544,0,0,0.0,in,2025-12-18T06:37:26.217616,2025-12-18_063726_manual
2001529417932362146,"@adarwis Gak pemerintah gak warganya, sama2 tolol",2025-12-18 05:46:14,1458740284741677066,0,0,0.0,in,2025-12-18T06:37:26.217616,2025-12-18_063726_manual
2001529357962219855,"""Kalau rakyat belanja, ekonomi jalan. Pemerintah ngerti banget rumus ini dan lagi gaspolin biar GDP ngebut!""",2025-12-18 05:46:00,227673514,0,0,0.0,in,2025-12-18T06:37:26.217616,2025-12-18_063726_manual
2001529357383442698,Confidence comes from knowing who you are and standing by it✨ Link 👉🏻 https://t.co/SxBU7HdLga #PolriInformatif Wujudkan Transparansi Publik #TanggapPemulihanBencana Sinergi Pemerintah #TraktiranUltahGreenSM BERBURU 100K DISKON #DareYouToLove_MV https://t.co/IE25uUFlRK,2025-12-18 05:46:00,1473841040171827202,0,0,0.0,in,2025-12-18T06:37:26.217616,2025-12-18_063726_manual
2001529285576970619,"Rp. 10.000 saldo dpt pas install apk shopeepay Caranya: Upgrade ke spay plus, login dg akun shopee & masukin kode referral FF6JWV5WP diskon info freelance job receh zonauang copot kamis yotha bomi na pd sinergi pemerintah mock mbappe jimmysea muhammadiyah winter jungkook https://t.co/GRxqs7nZR5",2025-12-18 05:45:42,1931239562648653824,1,1,0.14285714285714285,in,2025-12-18T06:37:26.217616,2025-12-18_063726_manual
2001522060045037916,Pemerintah dorong pengembangan teknologi dan industri pertahanan lewat kolaborasi ini! https://t.co/PDUMYxplP6,2025-12-18 05:17:00,1703611178704846848,0,0,0.0,in,2025-12-18T06:37:26.217616,2025-12-18_063726_manual
2001522024573997062,BHABINKAMTIBMAS DESA KARANGREJO AIPDA GALIH SETYA ADI MELAKSANAKAN SAMBANG DESA SERTA PENDAMPINGAN WARGA DALAM BETERNAK HEWAN KAMBING GUNA MENDUKUNG POGREM PEMERINTAH DAN KETAHANAN PANGAN NASIONAL https://t.co/IHJmBxsMAm,2025-12-18 05:16:51,1919567282923298816,0,0,0.0,in,2025-12-18T06:37:26.217616,2025-12-18_063726_manual
2001521999756300406,Ready kamis sore siang DISKON 100K sinergi pemerintah perthsanta Avatar gala #dood #videy #zonauang,2025-12-18 05:16:45,1979186797612797959,0,0,0.0,in,2025-12-18T06:37:26.217616,2025-12-18_063726_manual
2001521991887786087,@Phinniethegoat Lagi-lagi ya karena kegagalan pemerintah 👍,2025-12-18 05:16:44,1127555856906604545,0,0,0.0,in,2025-12-18T06:37:26.217616,2025-12-18_063726_manual
2001521987823571177,"@diasikinmase @ARSIPAJA Begini salah begitu salah, apapun yg dilakukan pemerintah akan sll salah dimata para pembenci #LanjutkanMBG Kerja Nyata pemerintah melalui BGN untuk masa depan anak bangsa yang sehat dan produktif",2025-12-18 05:16:43,1596857816698195968,0,0,0.0,in,2025-12-18T06:37:26.217616,2025-12-18_063726_manual
2001521980118650908,@AraituLaki @prabowo Urusan yg punya MBG lah.. Emang gak mau pemerintah punya generasi cerdas. Negara kaya kok gini amat ??? Gitu gemoy manthuk manthuk ae...,2025-12-18 05:16:41,151006324,0,0,0.0,in,2025-12-18T06:37:26.217616,2025-12-18_063726_manual
2001521971226702141,again and again muhammadiyah win vs pemerintah 0,2025-12-18 05:16:39,809337010628329472,0,0,0.0,in,2025-12-18T06:37:26.217616,2025-12-18_063726_manual
2001521840225947867,"ya Allah sorry kasar, bener bener capek banget sama pemerintah Indonesia ini kayak gapunya otak",2025-12-18 05:16:07,1355317998605787142,0,0,0.0,in,2025-12-18T06:37:26.217616,2025-12-18_063726_manual
2001521783510561028,"@yusuf_dumdum dari seribu korban lebih, dari luasnya daerah yg hancur gk berbentuk, ada gk setetes aja air mata atau raut kesedihan dari pemerintah pusat? dri situ aja kita bisa langsung nilai hati mereka",2025-12-18 05:15:54,1978495527869440000,0,0,0.0,in,2025-12-18T06:37:26.217616,2025-12-18_063726_manual
2001521781711266031,📰 #PublicUpdate | YARA menilai penyaluran bantuan beras oleh Pemerintah Kabupaten Aceh Utara kepada warga terdampak banjir berjalan lamban dan belum memenuhi kebutuhan dasar masyarakat. #YARA #bantuan #AcehUtara #korban #banjir #longsor #hidrometeorologi https://t.co/Ms23d9gudx,2025-12-18 05:15:53,347048082,0,0,0.0,in,2025-12-18T06:37:26.217616,2025-12-18_063726_manual
2001521761066897410,@Heraloebss Kalau Buzzer Pemerintah apa ya yg dilakukan https://t.co/agFgPEp0cC,2025-12-18 05:15:48,67638879,0,0,0.0,in,2025-12-18T06:37:26.217616,2025-12-18_063726_manual
2001521754871857427,@FujoBestie Mungkin semesta membaca keeneganmu sama pemerintah (?),2025-12-18 05:15:47,1378065184720179201,0,0,0.0,in,2025-12-18T06:37:26.217616,2025-12-18_063726_manual
2001521743903756601,"10rb? 10rb? ini pemerintah sinting kali, ya. lu pada rapat cuma berapa jam snacknya berlimpah ruah mahal mahal ga ada yg 10rb an. pdhl bahasan rapatnya juga gatau apa karena hasilnya ga ada. giliran korban yg darurat dikasih 10rb?",2025-12-18 05:15:44,1403109479843991554,0,0,0.0,in,2025-12-18T06:37:26.217616,2025-12-18_063726_manual
2001521708864614681,"@sydneyzw Mari kita kawal statement pemerintah bahwa sawit di Papua bukan dengan pembukaan hutan, melainkan pembangunan berkelanjutan agar kekayaan alam di Papua dapat dinikmati oleh rakyatnya",2025-12-18 05:15:36,1967774644183937024,0,0,0.0,in,2025-12-18T06:37:26.217616,2025-12-18_063726_manual
2001521704829682101,"MISKIN BANGET ANJING PEMERINTAH ANJING, MBG AJA BER TRILIUN TIAP HARI GILIRAN BUAT YANG KESUSAHAN 10 RIBU? SEKALI LAGI 10 RIBU? ANJING ANJINGG STOP MBG KONTOL ITU ANJINGG",2025-12-18 05:15:35,1355317998605787142,0,0,0.0,in,2025-12-18T06:37:26.217616,2025-12-18_063726_manual
2001521674890727494,"Ini proyek pemerintah, mereka dibayar tidak kurang, bahkan rakyat pun tetap dimintai uang, kerja mereka hanya merampok...",2025-12-18 05:15:28,833678115045924864,0,0,0.0,in,2025-12-18T06:37:26.217616,2025-12-18_063726_manual
2001521672931938447,"Jadi pemerintah itu udah gamau memberi anggaran lagi untuk daerah2 dan memberikan solusi yg ""kemungkinan besar"" akan menjadi bencana ? OMG i don't understand 🤦🏾♂️",2025-12-18 05:15:27,1203216254636417024,0,0,0.0,in,2025-12-18T06:37:26.217616,2025-12-18_063726_manual
2001521652522491978,"Persis pemerintah negara indonesia ! Yang satu ditetapkan sebagai tersangka karena kebakaran memakan korban jiwa, yang satu malah dapat anggaran APBN meski lebih banyak korban jiwa. Negara kalau sdh disusupi kaum kadal menjadi lbh edan !📌",2025-12-18 05:15:23,188402977,0,0,0.0,in,2025-12-18T06:37:26.217616,2025-12-18_063726_manual
2001518031349108972,"Edaaaannn, udh ky konten ""uang 10rb di pemerintah tidak tepat""",2025-12-18 05:00:59,1406837494033772547,0,0,0.0,in,2025-12-18T06:37:26.217616,2025-12-18_063726_manual
2001517990333083930,@KangManto123 noh sampah di tangsel pemerintah urus sesuai uu pengelolaan sampah ga? malah disemprot anti bau terus ditutup terpal,2025-12-18 05:00:49,975174890637574145,0,0,0.0,in,2025-12-18T06:37:26.217616,2025-12-18_063726_manual
2001517978500895132,"Pemerintah Kerajaan Bhutan mengumumkan langkah strategis dalam pengelolaan aset negara dengan menjaminkan cadangan Bitcoin mereka untuk pembangunan nasional. Dalam pengumuman resmi yang dirilis bertepatan dengan Hari Nasional pada Rabu (17/12), Bhutan mengalokasikan 10.000 BTC",2025-12-18 05:00:47,1749374921577574400,0,0,0.0,in,2025-12-18T06:37:26.217616,2025-12-18_063726_manual
2001517940940902434,Momen Prabowo jenguk korban MBG nunjukkin pemerintah nggak nanggung setengah-setengah urusan keselamatan warga #KepedulianPresiden https://t.co/4EDVTNqC1p,2025-12-18 05:00:38,1701899305064550400,0,0,0.0,in,2025-12-18T06:37:26.217616,2025-12-18_063726_manual
2001517888461787404,"10K??? Allahu Akbar, capek demi Allah tiap hari sama gebrakan pemerintah",2025-12-18 05:00:25,106677050,0,0,0.0,in,2025-12-18T06:37:26.217616,2025-12-18_063726_manual
2001517877615300702,"@salam4jari Giliran buat rakyat cuma 10k, kalo pejabat sampe ratusan ribu per hari. Dzolim bgt pemerintah ini",2025-12-18 05:00:23,1662281761240518657,0,0,0.0,in,2025-12-18T06:37:26.217616,2025-12-18_063726_manual
2001517842467033232,"kejadian hari ini di poli jiwa, px dengan skizoafektif baru assesment awal uda memaki pemerintah dan bahas illegal logging ""saya mangkel banget sama presiden, setiap hari rasa mangkel saya bertambah. negara jadi hancur"". 😭😭😭",2025-12-18 05:00:14,1444875435037249540,0,0,0.0,in,2025-12-18T06:37:26.217616,2025-12-18_063726_manual
2001517828730728929,"DPR meminta pemerintah tak hanya mengandalkan operasi pasar saja saat momen Nataru. Operasi pasar yang kerap dilakukan pemerintah, sering tidak tepat sasaran dan merugikan para pedagang. https://t.co/KhSXHcUmHF",2025-12-18 05:00:11,238091066,0,0,0.0,in,2025-12-18T06:37:26.217616,2025-12-18_063726_manual
2001517809239486933,"Pemerintah menyerap 40 ton cabai petani Aceh, 15 ton diantaranya dikirim ke Jakarta via pesawat Hercules TNI AU. Simak berita selengkapnya dengan klik link. https://t.co/tVBBsrGQ8V #PanenNews #PetaniBangkit #CabaiAceh #KetahananPangan #NegaraHadir #AmranSulaiman #HargaPangan https://t.co/CvVc3ih5dd",2025-12-18 05:00:06,1182569685981659136,0,0,0.0,in,2025-12-18T06:37:26.217616,2025-12-18_063726_manual
2001517805691375818,"Pemerintah Kota Makassar menetapkan larangan petasan, konvoi kendaraan, dan aktivitas yang berpotensi mengganggu ketertiban umum, sebagai langkah menjaga keamanan kota sekaligus bentuk empati kepada saudara-saudara kita yang tengah tertimpa bencana, khususnya di Sumatra dan Aceh.",2025-12-18 05:00:05,1416751270665232384,0,0,0.0,in,2025-12-18T06:37:26.217616,2025-12-18_063726_manual
2001517783683596605,Kementerian Ketenagakerjaan mengumumkan Peraturan Pemerintah (PP) Pengupahan telah ditandatangani Presiden Prabowo Subianto pda Selasa (16/12/2025). PP tersebut akan menjadi acuan dalam penentuan kenaikan Upah Minimum Provinsi (UMP) tahun 2026. #detikfinance #UMR2026 https://t.co/YiQDKpcsyU,2025-12-18 05:00:00,135795460,0,0,0.0,in,2025-12-18T06:37:26.217616,2025-12-18_063726_manual
2001517776595489048,Semua dirangkum dalam satu kata 'Pemerintah',2025-12-18 04:59:58,1993599835317194752,0,0,0.0,in,2025-12-18T06:37:26.217616,2025-12-18_063726_manual
2001517763379200414,@adarwis Yg di demo itu hrsnya pemerintah pusat yg semakin ke sini semakin goblokkkkkkk dan bangsat,2025-12-18 04:59:55,51793579,0,0,0.0,in,2025-12-18T06:37:26.217616,2025-12-18_063726_manual
2001517686434763016,Hari Hari baca berita udah gag kaget dengan ketolololan pemerintah ini. Anjir 10 RB dapat apa? Malu gag sie ini para pejabat kalau diberitain ke media international. Bisa2nya zalim banget u,2025-12-18 04:59:37,1764379494629212160,0,0,0.0,in,2025-12-18T06:37:26.217616,2025-12-18_063726_manual
2001517655950528596,Pangan murah dan bergizi tetap tersedia rakyat senang pemerintah perhatian banget,2025-12-18 04:59:30,863423486613573632,0,0,0.0,in,2025-12-18T06:37:26.217616,2025-12-18_063726_manual
2001517530192712030,"Makan Bergizi Gratis bukan cuma bantu anak sekolah, tapi juga nyiptain 1,5 juta kerjaan baru! Pemerintah emang niat bantu rakyat 💪🍛",2025-12-18 04:59:00,1187659441,0,0,0.0,in,2025-12-18T06:37:26.217616,2025-12-18_063726_manual
2001517526543720950,duh kayanya wni beneran bisa gila gara-gara kelakuan pemerintah,2025-12-18 04:58:59,798078139385556992,0,0,0.0,in,2025-12-18T06:37:26.217616,2025-12-18_063726_manual
2001517513772085527,"@y4n_yodas @projectm_org Betul, dan tidak hanya karena ktidaktertarikan pada masalah politik, namun juga karena buta politik dan secara kognitif tidak cerdas dan pintar (yg memang dipelihara bodohnya sama pemerintah). Makanya gampang dikadalin.",2025-12-18 04:58:56,1530791769188708358,0,0,0.0,in,2025-12-18T06:37:26.217616,2025-12-18_063726_manual
2001517513029619802,@kompascom Parah gak bisa diharapkan sebaiknya team Reformasi bentukan pemerintah dibubarkan saja berlakukan saja surat keputusan Kapolri biar garong merajalela sudah bisa diprediksi kaisar garong dan aparat semuanya team Garong yang solid.,2025-12-18 04:58:56,1059458595626971136,0,0,0.0,in,2025-12-18T06:37:26.217616,2025-12-18_063726_manual
2001517506150978005,Komisi III DPR RI mendorong pemerintah segera menerbitkan Peraturan Pemerintah (PP) beserta aturan turunan teknis lainnya guna mendukung implementasi Kitab Undang-Undang Hukum Pidana (KUHP) yang akan mulai berlaku pada 2026. Anggota Komisi III DPR RI Fraksi Demokrat Benny K. https://t.co/ARlCQlMICL,2025-12-18 04:58:54,2570087317,0,0,0.0,in,2025-12-18T06:37:26.217616,2025-12-18_063726_manual
2001517480410579095,@Gooren26 @sefkelik Nak harapkan bantuan pemerintah je,2025-12-18 04:58:48,1632254408221396992,0,0,0.0,in,2025-12-18T06:37:26.217616,2025-12-18_063726_manual
2001517476216279185,"Bayi lahir 2025-2028 dapet $1.000 dari pemerintah, orang tua bisa tambah sampai $5.000/tahun (bebas pajak), dan perusahaan bisa match sampai $2.500. Duitnya diinvestasiin ke indeks saham, nanti dewasa bisa dipake buat kuliah, beli rumah pertama, atau modal usaha.",2025-12-18 04:58:47,1615732040007319557,0,0,0.0,in,2025-12-18T06:37:26.217616,2025-12-18_063726_manual
2001517411728822577,"BlackRock bakal match kontribusi pemerintah $1.000 buat Trump Accounts karyawannya. Artinya, tiap karyawan BlackRock yang punya bayi baru bisa dapet tambahan $1.000 lagi dari perusahaan. https://t.co/RXoIxspAEn",2025-12-18 04:58:32,1615732040007319557,0,0,0.0,in,2025-12-18T06:37:26.217616,2025-12-18_063726_manual
2001517377767477288,Pemerintah Prabowo bersama TNI Mobilisasi semua sarana untuk suplay kebutuhan pangan dan air bersih dilokasi bencana #PrabowoBersamaRakyat #MenteriDesaPeduliBencana #PendampingDesaBantuBencana @prabowo @YandriSusanto27 @ArizaPatria https://t.co/a3snvJtN9s,2025-12-18 04:58:23,1919344020507287554,0,0,0.0,in,2025-12-18T06:37:26.217616,2025-12-18_063726_manual
2001517337770664045,"Pemerintah & masyarakat tiada henti memberikan bantuan,berbagai posko, secara langsung melalui darat,udara utk wilayah terisolasi bencana di Sumatera #KemendesPDTPeduliBencana #MenteriDesaPeduliBencanaSumatera #PendampingDesaPeduliBencana @prabowo @YandriSusanto @ArizaPatria https://t.co/Xt02KeuDWQ",2025-12-18 04:58:14,921996079746375680,0,0,0.0,in,2025-12-18T06:37:26.217616,2025-12-18_063726_manual
2001517300726604266,"@ARSIPAJA Alhamdulillah, luar biasa perhatian pemerintah, pantas bantuan asing di tolak😏😏",2025-12-18 04:58:05,1179523304966635520,0,0,0.0,in,2025-12-18T06:37:26.217616,2025-12-18_063726_manual
2001517278597095634,Kita bangga punya pemerintah yang hati-hati!,2025-12-18 04:58:00,1720134828039823360,0,0,0.0,in,2025-12-18T06:37:26.217616,2025-12-18_063726_manual
2001517278660284518,Mau punya rumah? Pemerintah bantu dengan suku bunga turun!,2025-12-18 04:58:00,1692126081858347008,0,0,0.0,in,2025-12-18T06:37:26.217616,2025-12-18_063726_manual
2001517277120807072,"@milikikoo Berikut daftar berita terkini (sampai Des 2025) tentang isu pemerintahan Indonesia, berdasarkan sumber terverifikasi: 1. Demo 2025: Demo massal sejak Feb lawan pemotongan anggaran, kenaikan pajak, & revisi UU TNI. Sebabkan 5-8 kematian, ratusan cedera & penangkapan. Pemerintah",2025-12-18 04:57:59,1720665183188922368,0,0,0.0,in,2025-12-18T06:37:26.217616,2025-12-18_063726_manual
2001517221126750503,"@Fahrulrozi69904 @indepenSumatera Pengertian bencana nasional di Indonesia adalah bencana dengan skala dan dampak luas yang melampaui kemampuan pemerintah daerah, sehingga memerlukan intervensi pusat (UU No. 24/2007 & BNPB). Mengenai banjir & longsor di Sumatra (Aceh, Sumut, Sumbar) Des 2025 yang tewaskan >1.000",2025-12-18 04:57:46,1720665183188922368,0,0,0.0,in,2025-12-18T06:37:26.217616,2025-12-18_063726_manual
2001511238837178414,Pangan murah dan bergizi tetap jalan rakyat seneng pemerintah peduli banget,2025-12-18 04:34:00,410751113,0,0,0.0,in,2025-12-18T06:37:26.217616,2025-12-18_063726_manual
2001511190133105086,"@bubleeebie @indepenSumatera Jadi ini lebih tuntutan keadilan yg kami pertanyakan. Hutan kami dihabisi oleh kebijakan pemerintah pulau jawa. Tapi begitu kami kena musibah, mereka itu hampir tidak peduli sama sekali. Pertanyaannya wajar kah kami menyalahkan mereka? Atau kami menyalahkan pemda kami saja?",2025-12-18 04:33:48,90121660,0,0,0.0,in,2025-12-18T06:37:26.217616,2025-12-18_063726_manual
2001511190791623010,"Pemerintah bangsat, i hope yall rot in hell👺",2025-12-18 04:33:48,181133374,0,0,0.0,in,2025-12-18T06:37:26.217616,2025-12-18_063726_manual
2001511190842007896,"@__PASMANTAP Ini bukan lagi mengkritik pemerintah, tapi udah memang benci banget emang",2025-12-18 04:33:48,1927674470975893504,0,0,0.0,in,2025-12-18T06:37:26.217616,2025-12-18_063726_manual
2001511164338118976,Pohon tinggi pasti ditebang pemerintah. https://t.co/LcUtL5RIEo,2025-12-18 04:33:42,1563228432565420033,0,0,0.0,in,2025-12-18T06:37:26.217616,2025-12-18_063726_manual
2001511139507847226,Koodrinasi presiden dan dpr pastikan pemulihanan bencana tanpa celah #TanggapPemulihanBencana Sinergi Pemerintah dan DPR https://t.co/jIDnQrtG7Z,2025-12-18 04:33:36,1598241041840472064,0,0,0.0,in,2025-12-18T06:37:26.217616,2025-12-18_063726_manual
2001511124349649157,Tugas Pemerintah terus penuhi kebutuhan pangan & air bersih di lokasi Bencana. #PrabowoBersamaRakyat #MenteriDesaPeduliBencana #PemerintahDanTNITanggapBencana #PendampingDesaBantuSumatera @prabowo @YandriSusanto @ArizaPatria https://t.co/5s38c8bcJ0,2025-12-18 04:33:32,1691484897674919936,0,0,0.0,in,2025-12-18T06:37:26.217616,2025-12-18_063726_manual
2001511100014379369,"@tanyarlfes Sejauh ini keliataannya muhammadiyah lebih mewakili pemerintah daripada pemerintah itu sendiri. Mereka ormas tapi sukses diberbagai bidang mulai dari pendidikan sampai kesehatan. Bahkan untuk pengambilan keputusanpun lebih bijak. Gaheran sih, anggota berkualitas soalnya",2025-12-18 04:33:27,2534190624,0,0,0.0,in,2025-12-18T06:37:26.217616,2025-12-18_063726_manual
2001511076572336268,"Menurut Mendagri Muhammad Tito Karnavian, dalam masa tanggap darurat BNPB menjadi leading sector penanganan bencana. Namun Polri, TNI, pemerintah daerah, kementerian terkait, serta BUMN turut terlibat aktif di lapangan. #Bencana2025 #Mendagri #Yukgasss",2025-12-18 04:33:21,354168059,0,0,0.0,in,2025-12-18T06:37:26.217616,2025-12-18_063726_manual
2001511065277075632,@indepenSumatera Yg ngerusak bukan wisatawan tapi pemerintah anjerrrr,2025-12-18 04:33:18,826552152,0,0,0.0,in,2025-12-18T06:37:26.217616,2025-12-18_063726_manual
2001511065222565944,"Stress karena pemerintah is real, tiap baca berita gemes pengen tak HeH pake palu godam 😡",2025-12-18 04:33:18,1197041796724879360,0,0,0.0,in,2025-12-18T06:37:26.217616,2025-12-18_063726_manual
2001511055869251655,"@humaniesproject Semoga para relawan selalu diberi kesehatan, tolong dibantu dipelosok-pelosok yang benar-benar tak tersentuh pemerintah",2025-12-18 04:33:16,521987425,0,0,0.0,in,2025-12-18T06:37:26.217616,2025-12-18_063726_manual
2001511043475099876,@indepenSumatera Jgn mau... Dbodohi pemerintah terutma menteri korup goblok pro pengusha peruskan hutan,2025-12-18 04:33:13,909308751689129989,0,0,0.0,in,2025-12-18T06:37:26.217616,2025-12-18_063726_manual
2001510992644354502,#TanggapPemulihanBencana Sinergi Pemerintah dan DPR selalu fokus dalam penanganan bencana https://t.co/0vet2rCtXi,2025-12-18 04:33:01,1598241041840472064,0,0,0.0,in,2025-12-18T06:37:26.217616,2025-12-18_063726_manual
2001510978320765227,@ARSIPAJA Anggaran dari pemerintah 10rb/hari (banyak kan?) sampai di penerima bantuan cuma 5rb/hari. Masih disuruh buat vidio terimakasih atas bantuannya dst,2025-12-18 04:32:58,1724240648658915328,0,0,0.0,in,2025-12-18T06:37:26.217616,2025-12-18_063726_manual
2001510968527142932,Bukti nyata sinergi Pemerintah dan DPR betul2 menyatu dan nyata dalam penanggulangan bencana di Aceh dan Sumatera #TanggapPemulihanBencana Sinergi Pemerintah dan DPR https://t.co/kbHxS2BQsA,2025-12-18 04:32:55,1952396621217710080,0,0,0.0,in,2025-12-18T06:37:26.217616,2025-12-18_063726_manual
2001471957980848320,tak boleh juga rusak oleh menteri dan pemerintah atas nama investasi,2025-12-18 01:57:54,1894421357938786304,0,0,0.0,in,2025-12-18T06:37:26.217616,2025-12-18_063726_manual
2001471916075552803,Jika ini benar Rakyat VS Pemerintah https://t.co/OOfvgI1Ktj,2025-12-18 01:57:44,1218556702942871553,0,0,0.0,in,2025-12-18T06:37:26.217616,2025-12-18_063726_manual
2001471828573982813,"Repost -- Halo #SobATRBPN, Bencana alam yang melanda Sumatra meninggalkan duka & dampak kerusakan ekosistem. Untuk itu, pemerintah bergerak cpt mengirimkan bantuan sekaligus perbaikan infrastruktur di lokasi yg terkena dampak bencana, terutama dlm memenuhi kebutuhan air bersih. https://t.co/MjKcZz7UZe",2025-12-18 01:57:24,769817593196711936,0,0,0.0,in,2025-12-18T06:37:26.217616,2025-12-18_063726_manual
2001471785909518774,"Halo #SobATRBPN, Bencana alam yang melanda Sumatra meninggalkan duka bagi banyak keluarga. Di tengah situasi sulit ini, pemerintah bergerak cepat mengirimkan bantuan logistik, #ATRBPNKiniLebihBaik #ATRBPNMajudanModern #MelayaniProfesionalTerpercaya",2025-12-18 01:57:13,3965640692,0,0,0.0,in,2025-12-18T06:37:26.217616,2025-12-18_063726_manual
2001471780469514698,@NenkMonica Anehnya knapa pemerintah ga berani tindk tegas y,2025-12-18 01:57:12,1942454802295971844,0,0,0.0,in,2025-12-18T06:37:26.217616,2025-12-18_063726_manual
2001471752577360311,"selain pemerintah, wekwan juga wajib buat di maki",2025-12-18 01:57:06,1990057534284234752,0,0,0.0,in,2025-12-18T06:37:26.217616,2025-12-18_063726_manual
2001471734957146288,"Babinsa Kelurahan Lappa Koramil 1424-01/Sinjai Utara, Kodim 1424/Sinjai melaksanakan kegiatan pemantauan dan pendampingan penyaluran bantuan beras Cadangan Pangan Pemerintah (CPP) #tniad #dispenad #puspentni #TNIindonesia https://t.co/kG8ZNFGbKO",2025-12-18 01:57:01,1846390926341799936,1,0,0.027777777777777776,in,2025-12-18T06:37:26.217616,2025-12-18_063726_manual
2001471728825045101,Rektor UTU Sarankan Pemerintah Pusat Tetapkan Status Bencana Nasional https://t.co/pIPSb82gDc,2025-12-18 01:57:00,1310562283962023939,0,0,0.0,in,2025-12-18T06:37:26.217616,2025-12-18_063726_manual
2001471650207068397,Pemerintah RI masih mampu untuk menangani dampak bencana alam yang melanda Provinsi Aceh tanpa bantuan dari negara lain. #BencanaSumatera #prayforsibolga #prayforaceh #bondibeach #PemerintahPeduli https://t.co/c4Q6ugNCnh,2025-12-18 01:56:41,447666044,0,0,0.0,in,2025-12-18T06:37:26.217616,2025-12-18_063726_manual
2001471635552096343,"Nahhh ini sudah benar pendapat hukum dari pakar pidana soal pemanfaatan kayu yang ke bawa banjir. Jika ada larangan dari Pemerintah , memang Pemerintah mau buatin rumah untuk korban bencana yang jumlahnya ribuan???",2025-12-18 01:56:38,300586723,0,0,0.0,in,2025-12-18T06:37:26.217616,2025-12-18_063726_manual
2001471620775608409,@maladi_demian Dukung terus langkah pemerintah dan danantara jaga aset biar pelayanan buat jemaah makin mantap #InvestasiStrategis,2025-12-18 01:56:34,1704028845513596928,0,0,0.0,in,2025-12-18T06:37:26.217616,2025-12-18_063726_manual
2001471536071610663,"@juurinomono Itu tugas pemerintah Thailand ce, komdigi kan bosnya judol 😌✋️",2025-12-18 01:56:14,1059009758634471424,0,0,0.0,in,2025-12-18T06:37:26.217616,2025-12-18_063726_manual
2001471512327680364,"@sharpandshark Kenapa gaboleh ? Katanya itu kayu yg kebawa arus, berarti bebas dong pemerintah gada hak ngelarang. Tuhan aja yg memiliki bumi dan seisinya mengizinkan 😄",2025-12-18 01:56:08,1594704983685206016,0,0,0.0,in,2025-12-18T06:37:26.217616,2025-12-18_063726_manual
2001471494229241950,"eh prabs mendingan diem deh drpd ngeluarin statement 2lol mu, gini amat ga di uji dlm hal lain di uji punya pemerintah 2lol kek setan, setan pun minder sm kalian",2025-12-18 01:56:04,1530691839723851777,0,0,0.0,in,2025-12-18T06:37:26.217616,2025-12-18_063726_manual
2001471378600632646,"@tanyarlfes demen nyantet keluarga gua, para jajaran pemerintah yang ga amanah. bismillah masuk surga jalur terdzalimi🤲🏻",2025-12-18 01:55:36,1158182778493497344,0,0,0.0,in,2025-12-18T06:37:26.217616,2025-12-18_063726_manual
2001471282312024365,@RidNgemil @cutsarina5 Seteressssss sme kebijakan pemerintah sendri rakyat y .. Nasib WNI 🥲🥲,2025-12-18 01:55:13,1297929549909381120,0,0,0.0,in,2025-12-18T06:37:26.217616,2025-12-18_063726_manual
2001468802748522918,@tanyarlfes pemerintah dan jajarannya,2025-12-18 01:45:22,1376035362762555392,0,0,0.0,in,2025-12-18T06:37:26.217616,2025-12-18_063726_manual
2001468791583387725,@F_Crosser pemerintah parah bat 😢,2025-12-18 01:45:20,835796719090556929,0,0,0.0,in,2025-12-18T06:37:26.217616,2025-12-18_063726_manual
2001468779428221358,@txtdrimedia Pemerintah mengeluarkan uang 1000T pun namanya bukan bantuan tapi KERJA,2025-12-18 01:45:17,1949925823873765378,0,0,0.0,in,2025-12-18T06:37:26.217616,2025-12-18_063726_manual
2001468718266847717,Pemerintah & seluruh elemen masyarakat bergerak tiada henti memberikan bantuan melalui berbagai posko maupun secara langsung melalui darat & udara untuk wilayah terisolasi bencana di Sumatera #KemendesPDTPeduliBencana #MenteriDesaPeduliBencanaSumatera #pendampingdesapedulii https://t.co/danQ90k8Ci,2025-12-18 01:45:02,1597164634628186112,0,0,0.0,in,2025-12-18T06:37:26.217616,2025-12-18_063726_manual
2001468671282319422,"@detikcom Jadi inget tukang jualan barang2 rumah tangga yg dimobil. Serba 10rb. Ehh kampretttt ini pemerintah , udah gak ngurusin rakyat, gak ngasih solusi yg bagus, malah asal ngomong aja . Gara2 kalian musibah ini ada. Ga sadar diri deh!",2025-12-18 01:44:51,126877715,0,0,0.0,in,2025-12-18T06:37:26.217616,2025-12-18_063726_manual
2001468668589519223,@MurtadhaOne1 Kirain issrail aja yg memblokir bantuan ternyata pemerintah indonesia juga... Ya Allah..harus di apakan para pemberi kebijan di Indonesia agar dia sadar ...,2025-12-18 01:44:50,1830144322723069953,0,0,0.0,in,2025-12-18T06:37:26.217616,2025-12-18_063726_manual
2001468637287436558,Gerak cepat Pemerintah dalam memulihkan bencana Sumatera #GerakCepatPemerintah #SumateraPulih #PemerintahPeduli #Viral https://t.co/UaKhAZaFp9,2025-12-18 01:44:43,981325379896881152,0,0,0.0,in,2025-12-18T06:37:26.217616,2025-12-18_063726_manual
2001468620736749651,"Halo #SobATRBPN, Bencana alam yang melanda Sumatra meninggalkan duka bagi banyak keluarga. Di tengah situasi sulit ini, pemerintah bergerak cepat mengirimkan bantuan logistik, kebutuhan pokok, dan layanan darurat ke lokasi terdampak melalui udara di beberapa titik lokasi bencana https://t.co/LmdSrQsFbl",2025-12-18 01:44:39,1265299992694013954,0,0,0.0,in,2025-12-18T06:37:26.217616,2025-12-18_063726_manual
2001468602470568120,"55/ di tingkat internasional, Pemerintah Indonesia menyelenggarakan pertemuan Kanwil Kemenkum Babel #KementerianHukum #LayananHukumMakinMudah #KanwilKemenkumBabel #Johanmanurung Kanwil Babel Pasti Kredibel",2025-12-18 01:44:34,1787299092491866112,0,0,0.0,in,2025-12-18T06:37:26.217616,2025-12-18_063726_manual
2001468552474485152,ya lu liat aja tuh pemerintah indo,2025-12-18 01:44:23,1154395400805048321,0,0,0.0,in,2025-12-18T06:37:26.217616,2025-12-18_063726_manual
2001468463194284101,@Piyusaja2 Hanya sekedar angka kalo kata Pemerintah sih,2025-12-18 01:44:01,1958387116301266944,0,0,0.0,in,2025-12-18T06:37:26.217616,2025-12-18_063726_manual
2001468456852410538,Ekonomi inklusif? Pemerintah buktikan kerja nyata!,2025-12-18 01:44:00,2320145312,0,0,0.0,in,2025-12-18T06:37:26.217616,2025-12-18_063726_manual
2001468320051269904,Pemerintah & seluruh elemen masyarakat tak henti berikan bantuan melalui berbagai posko maupun secara lsng melalui darat & udara untk bencana Sumatera #KemendesPDTPeduliBencana #MenteriDesaPeduliBencanaSumatera #PendampingDesaPeduliBencana @prabowo @YandriSusanto @ArizaPatria https://t.co/P18ugNH1Sz,2025-12-18 01:43:27,1828584302789173248,0,0,0.0,in,2025-12-18T06:37:26.217616,2025-12-18_063726_manual
2001468245606596815,@morphowhisper inget guys disney masuk daftar BDS jadi kalo kita mau kasih mereka free marketing minimal sekalian free marketingin kinerja bobrok pemerintah 🤭😘,2025-12-18 01:43:09,788187479618781185,0,0,0.0,in,2025-12-18T06:37:26.217616,2025-12-18_063726_manual
2001468238702759968,"Di film, masyarakat jepang gk dipandang sebagai manusia, tp sebagai aset ekonomi. Makanya waktu Godzilla baru membunuh puluhan org, respon pemerintah jepang lambat. Tp ketika yg tewas mencapai ribuan jiwa, ekonomi Jepang mulai terancam, barulah pemerintah mengambil tindakan. https://t.co/d9cWRSQHF2",2025-12-18 01:43:08,1136210614378946560,0,0,0.0,in,2025-12-18T06:37:26.217616,2025-12-18_063726_manual
2001468237389926698,"@denni_sauya daripada keukeuh macam persoalan ijazah palsu tapi asli , kenapa tidak minta inpres atau kepres khusus untuk menangani musibah sumatra . bantuan negara2 simpatik disalurkan saja lewat lembaga non pemerintah kredibel semisal muhammadiyah 🙂",2025-12-18 01:43:07,1505594392995762177,0,0,0.0,in,2025-12-18T06:37:26.217616,2025-12-18_063726_manual
2001464927425548721,"@RooneySianny Betul dia juga anti pemerintah sebelumnya. Tapi mayoritas mahasiswa juga anti BK. Dia lebih konsisten setelah BK jatuh dan sudah orde baru, masih anti pemerintah juga. Itu poin utama: dia memang sikapnya seperti itu. Pemberontak, anti pemerintah yang mana saja",2025-12-18 01:29:58,47080055,0,0,0.0,in,2025-12-18T06:37:26.217616,2025-12-18_063726_manual
2001464917350920686,"Gatau, ini berat bgt buat ditonton :( Aku gak nyangka bgt ternyata pas masuk dunia orang dewasa justru menemukan jahat2nya pemerintah , getting worse everyday ☹️",2025-12-18 01:29:56,1233957751757340672,0,0,0.0,in,2025-12-18T06:37:26.217616,2025-12-18_063726_manual
2001464786341773751,@WeatherMonitors Dan ini udh jd konsumsi dunia..biar mrk menilai spt apa pemerintah konoha saat ini..tp dgn miris nya sang juragan blg..kita mampu kita bisa kita kuat..ah omon2 mulu..,2025-12-18 01:29:25,1676883416476979200,0,0,0.0,in,2025-12-18T06:37:26.217616,2025-12-18_063726_manual
2001464767840747671,"@RooneySianny Gie meninggal Desember 1969. Itu lebih dari tiga tahun sejak orde baru berkuasa. Itu tahun² dia aktif anti pemerintah... yang sudah orde baru, yang didukung CIA. Make it make sense?",2025-12-18 01:29:20,47080055,0,0,0.0,in,2025-12-18T06:37:26.217616,2025-12-18_063726_manual
2001464749654233325,@tanyarlfes Yang kyk pemerintah dzalim,2025-12-18 01:29:16,1230102161079431168,0,0,0.0,in,2025-12-18T06:37:26.217616,2025-12-18_063726_manual
2001464742997823570,@indepenSumatera bener pak emang pemerintah kek dajjal,2025-12-18 01:29:14,1339677079990804480,0,0,0.0,in,2025-12-18T06:37:26.217616,2025-12-18_063726_manual
2001464710970118328,"113/ 🤝 Kerjasama lintas sektor yang produktif dibangun dengan berbagai kementerian/lembaga, pemerintah daerah, sektor swasta, civil society organizations, dan development partners melalui regular coordination meeting, joint programs, dan shared resources untuk multiplier effect",2025-12-18 01:29:07,1526386245311811584,0,0,0.0,in,2025-12-18T06:37:26.217616,2025-12-18_063726_manual
2001464683950416197,"89/ 🎯 Target ambisius namun terukur ditetapkan dengan menggunakan prinsip SMART goals, disesuaikan dengan kapasitas organisasi, mempertimbangkan lesson learned tahun sebelumnya, dan diselaraskan dengan visi-misi pemerintah untuk mewujudkan Indonesia maju dan berdaulat",2025-12-18 01:29:00,1526386245311811584,0,0,0.0,in,2025-12-18T06:37:26.217616,2025-12-18_063726_manual
2001464676098679119,"88/ 🌐 Jaringan kolaborasi yang luas dibangun dengan berbagai institusi pemerintah, swasta, akademisi, dan masyarakat sipil melalui memorandum of understanding, joint program, knowledge sharing, dan penelitian bersama untuk memperkaya perspektif dan memperluas impact program",2025-12-18 01:28:58,1526386245311811584,0,0,0.0,in,2025-12-18T06:37:26.217616,2025-12-18_063726_manual
2001464649355759872,"@Zunxn @ardisatriawan Negara lah. Asal tau aja, dulu PTN murah. Karena apa? Ya subsidi dari negaranya besar. Sekarang? Kan ama pemerintah disuruh nyari duit sendiri.",2025-12-18 01:28:52,458498079,0,0,0.0,in,2025-12-18T06:37:26.217616,2025-12-18_063726_manual
2001464623309218089,"Bekerjalah dengan giat, pemerintah menunggu pajak kalian ... 🥳🥳 https://t.co/HxJoMqjJx6",2025-12-18 01:28:46,112403213,0,0,0.0,in,2025-12-18T06:37:26.217616,2025-12-18_063726_manual
2001464594423038039,@sydneyzw Hayo rakyat rebut kembali penguasaan SDA daerah dari pemerintah pusat. Harusnya dgn otonomi daerah gak ada lagi kuasa pemerintah pusat memberikan izin eksploitasi SDA di daerah tanpa izin dan keterlibatan daerah,2025-12-18 01:28:39,1647571685036654593,0,0,0.0,in,2025-12-18T06:37:26.217616,2025-12-18_063726_manual
2001464418174185627,"Setelah dipikir-pikir, mending saya liatin komuk Varang di TL daripada liatin statement pemerintah yang bikin naik darah beneran",2025-12-18 01:27:57,4667660952,0,0,0.0,in,2025-12-18T06:37:26.217616,2025-12-18_063726_manual
2001464237206732888,@narkosun Kalo pemerintah bukan bantuan tapi kewajiban negara. Knp oon banget sih,2025-12-18 01:27:14,1633393214068760577,0,0,0.0,in,2025-12-18T06:37:26.217616,2025-12-18_063726_manual
2001464178490663078,Di APEC pemerintah kita nyalakan lampu hijau buat kerjasama yang nyata bukan sekadar slogan Yuk kita dukung nyata bareng!,2025-12-18 01:27:00,1004901826456576001,0,0,0.0,in,2025-12-18T06:37:26.217616,2025-12-18_063726_manual
2001461265613353333,@indepenSumatera Tunggulah Habis ini pemerintah bilang mereka lebih bla..bla...bla drpd orang yg paling paling... Dr bang Ferry smpk Malaysia disenggol demi harga diri individu mreka,2025-12-18 01:15:25,1860257162964111360,0,0,0.0,in,2025-12-18T06:37:26.217616,2025-12-18_063726_manual
2001461208923435400,"Pemerintah Indonesia terus berupaya memberantas korupsi melalui berbagai langkah strategis dan kebijakan yang tegas. Salah satu upaya utama adalah memperkuat peran KPK dalam mengawasi, mencegah, dan menindak praktik korupsi. #PrabowoBerantasKorupsi https://t.co/6xPVDTJkJA",2025-12-18 01:15:12,1359080998407835649,0,0,0.0,in,2025-12-18T06:37:26.217616,2025-12-18_063726_manual
2001461191051481400,Saatnya blik kesini buat marah-marah sama pemerintah,2025-12-18 01:15:07,1002507746745376768,0,0,0.0,in,2025-12-18T06:37:26.217616,2025-12-18_063726_manual
2001461168683225350,"@zoelfick Tahun 2006, pemerintah sampai membentuk BRR Aceh Nias untuk rehabilitasi pasca Tsunami. 😭😭😭😭",2025-12-18 01:15:02,1667874147429654529,0,0,0.0,in,2025-12-18T06:37:26.217616,2025-12-18_063726_manual
2001461150119256327,@luckytsar @KangManto123 @prabowo @erickthohir Pecat gimana jir pecat dari PSSI itu sama dengan intervensi dari pemerintah langsung dibanned sama FIFA kalo Erick punya malu dia harus mundur pemerintah gak bisa ikut campur soal ini,2025-12-18 01:14:58,921966920655552512,0,0,0.0,in,2025-12-18T06:37:26.217616,2025-12-18_063726_manual
2001461126304071790,"@peachyfraise Harus ada 2 gerakan: 1. Gerakan kemanusiaan yg tidak kenal lelah, berbasis relawan dan komunitas. Pemerintah skip aja. Hopeless 2. Gerakan Hukum - Politik, di Parlemen, jalanan dan medsos, utk menekan Pemerintah lebih bekerja serius. Mereka perlu dicereweti supaya kerja bener.",2025-12-18 01:14:52,1403583820163477505,0,0,0.0,in,2025-12-18T06:37:26.217616,2025-12-18_063726_manual
2001461063368503639,Iya anjir kenapa government di indo menjadi pemerintah siiiiii???,2025-12-18 01:14:37,1480119472996306945,0,0,0.0,in,2025-12-18T06:37:26.217616,2025-12-18_063726_manual
2001461004316872819,"@fadeel_aulian @are_inismyname Keterlambatan pencairan dana bukan berarti kegagalan program, tapi bentuk kejujuran administratif pemerintah dalam mengelola uang rakyat. Pemerintah memilih memastikan seluruh dokumen & prosedur terpenuhi sesuai aturan hukum drpd memaksakan operasional dgn manajemen yg tdk rapi.",2025-12-18 01:14:23,1489085305651347460,0,0,0.0,in,2025-12-18T06:37:26.217616,2025-12-18_063726_manual
2001460908841722163,@ofHoneyLady lebih sering liat kakak menerjang banjir dengan lexi daripada pemerintah kerja. YAYAYAY NANTI KITA NGEROSBLOS BARENG YUUU,2025-12-18 01:14:00,1527303566113013760,0,0,0.0,in,2025-12-18T06:37:26.217616,2025-12-18_063726_manual
2001460907118071917,Pemerintah jaga perdamaian dan kemandirian pertahanan,2025-12-18 01:14:00,340567356,0,0,0.0,in,2025-12-18T06:37:26.217616,2025-12-18_063726_manual
2001460907050774676,Yuk dukung program pemerintah: katarak gratis buat lansia!,2025-12-18 01:14:00,2638403841,0,0,0.0,in,2025-12-18T06:37:26.217616,2025-12-18_063726_manual
2001460900759208250,"@cutsarina5 Harusnya pemerintah itu punya point atau grade...Berapa banyak kerugian masyarakat, korban jiwa dan kerusakan infrastruktur utk memberikan nilai tentang bencana nasional. Ini korban diatas 1000 jiwa maaih dianggap bencana biasa... Hadeeh.. 🤦",2025-12-18 01:13:58,1886939423545364480,0,0,0.0,in,2025-12-18T06:37:26.217616,2025-12-18_063726_manual
2001460884690915372,"@Jateng_Twit Dilema pemerintah yang punya banyak utang, tapi ga punya apa2 buat bayar semua utang selain jualan hasil tambang dan hutan",2025-12-18 01:13:54,1546034308003266560,0,0,0.0,in,2025-12-18T06:37:26.217616,2025-12-18_063726_manual
2001460860414533981,@txtdrimedia Jgn lupa sedia amlodipine sebelum baca berita soal pemerintah👌,2025-12-18 01:13:49,476424412,0,0,0.0,in,2025-12-18T06:37:26.217616,2025-12-18_063726_manual
2001458116001705994,@tanyarlfes kayak pemerintah,2025-12-18 01:02:54,1381857116936265731,0,0,0.0,in,2025-12-18T06:37:26.217616,2025-12-18_063726_manual
2001458111136305247,"@zoelfick Kata mendagri, bantuan itu tidak seberapa dibanding bantuan dari pemerintah.",2025-12-18 01:02:53,3233843048,0,0,0.0,in,2025-12-18T06:37:26.217616,2025-12-18_063726_manual
2001458062515921134,yg ngerusak tuh pemerintah,2025-12-18 01:02:42,1375296045719068672,0,0,0.0,in,2025-12-18T06:37:26.217616,2025-12-18_063726_manual
2001457998649286842,@tanyarlfes Pemerintah sekarang,2025-12-18 01:02:26,1644965244228497410,0,0,0.0,in,2025-12-18T06:37:26.217616,2025-12-18_063726_manual
2001457983725658330,@maladi_demian Aset negara yang dulunya rawan kini terjaga berkat kolaborasi pemerintah dan Danantara #InvestasiStrategis,2025-12-18 01:02:23,1701519342029209600,0,0,0.0,in,2025-12-18T06:37:26.217616,2025-12-18_063726_manual
2001457932420977150,"@indepenSumatera Yang bangun Pemerintah, tidak dari APBN, ini gimana maksudnya?",2025-12-18 01:02:11,221404563,0,0,0.0,in,2025-12-18T06:37:26.217616,2025-12-18_063726_manual
2001457915102925022,"@WeatherMonitors Ngeliat pemerintah konoha tuh nener2 nguras energi, nguras emosi bgt ;(",2025-12-18 01:02:06,1849626777393696768,0,0,0.0,in,2025-12-18T06:37:26.217616,2025-12-18_063726_manual
2001457901789913482,"@SonyaSusil18730 @indepenSumatera ga relevan sama bencana sekarang, jd buzzer emg harusnya tolol dan punya mulut aja ya, pemerintah bayar yg lebih tolol tp berlogika dong, biar ngedebat nya berasa",2025-12-18 01:02:03,2297999509,0,0,0.0,in,2025-12-18T06:37:26.217616,2025-12-18_063726_manual
2001457902717157464,@indepenSumatera Pemerintah ajggg,2025-12-18 01:02:03,1683767885540524032,0,0,0.0,in,2025-12-18T06:37:26.217616,2025-12-18_063726_manual
2001457887286301090,"Pemerintah kita ambil peran utama, ga main-main!",2025-12-18 01:02:00,1529069827016560643,0,0,0.0,in,2025-12-18T06:37:26.217616,2025-12-18_063726_manual
2001457833532100951,sblm gabung di itu agensi juga 🌲 udah langganan keles 🤪 itu perusahaan gak sengaruh itu mau bikin 🌲 dipilih sama pemerintah 🤪 https://t.co/9j8QK8mImx,2025-12-18 01:01:47,1650411090,0,0,0.0,in,2025-12-18T06:37:26.217616,2025-12-18_063726_manual
2001457785196916861,"Saat ini, Pemerintah telah mengangkut hasil tani warga Aceh. Hasil tani warga didistribusikan ke Jakarta dan hasil penjualan diberikan lagi ke petani. Dengan bergeraknya logistik kemanusiaan dan hasil bumi secara simultan, diharapkan kebutuhan dasar warga terpenuhi sekaligus",2025-12-18 01:01:35,2902253293,0,0,0.0,in,2025-12-18T06:37:26.217616,2025-12-18_063726_manual
2001457774606328174,"#KawanPajak, sebelum lapor SPT Tahunan di Coretax, yuk coba Simulator Coretax 💻 Tanpa registrasi, online, satu password untuk semua. Login pakai NIK di https://t.co/9WeXEMig0l Kalau mau lebih tegas/berwibawa khas akun pemerintah, bilang saja 👍 https://t.co/1Zr05VJ20x",2025-12-18 01:01:33,3724294512,0,0,0.0,in,2025-12-18T06:37:26.217616,2025-12-18_063726_manual
2001457756478611537,"Halo #SobATRBPN, Pemerintah terus berkomitmen untuk memastikan bantuan kebencanaan dan roda perekonomian masyarakat berjalan beriringan bagi masyarakat terdampak banjir di beberapa lokasi bencana alam seperti di Kabupaten Aceh Tengah dan Kabupaten Bener Meriah. https://t.co/5UtbEg4a08",2025-12-18 01:01:29,2902253293,0,0,0.0,in,2025-12-18T06:37:26.217616,2025-12-18_063726_manual
2001457693899305318,"Topik Diskusi Pagi Ini: Refleksi Bidang Energi tahun 2025: Pemerintah menargetkan swasembada energi nasional. Berikut pandangan Chief Executive Officer (CEO) Institute for Essential Services Reform (IESR), Fabby Tumiwa #Now #LIVE #TOPIK #refleksi #energi #swasembada",2025-12-18 01:01:14,385894867,0,0,0.0,in,2025-12-18T06:37:26.217616,2025-12-18_063726_manual
2001457690611269895,@tanyarlfes Liat aja pemerintah,2025-12-18 01:01:13,1616102498837860354,0,0,0.0,in,2025-12-18T06:37:26.217616,2025-12-18_063726_manual
2001457675171987807,"@serambinews kalo dipikir bener2 mang tepat sih kata Pak Tito, pemerintah kita sebenarnya sanggup banget kalau cuma segitu. Mandiri lebih kerenn menurutku..",2025-12-18 01:01:09,1999940462136954880,0,0,0.0,in,2025-12-18T06:37:26.217616,2025-12-18_063726_manual
2001454406290842047,"tiba tiba banget di pantau bapak itu status wa ku, agak ketar ketir sih tapi ya bodoh amat, emang pemerintah kek kontol kok",2025-12-18 00:48:10,1603697958230593537,0,0,0.0,in,2025-12-18T06:37:26.217616,2025-12-18_063726_manual
2001454363924140246,"Bukan cuma ngomong, sekarang kita #gerak bareng pemerintah!",2025-12-18 00:48:00,2459759155,0,0,0.0,in,2025-12-18T06:37:26.217616,2025-12-18_063726_manual
2001454349382455302,"@Mdy_Asmara1701 Nanti Kata si Anu yang paling DPR dan Tito Karnavian akan bilang,bantuan nya tidak seberapa di Banding bantuan dari pemerintah.🤭😁",2025-12-18 00:47:56,1735183133912543232,0,0,0.0,in,2025-12-18T06:37:26.217616,2025-12-18_063726_manual
2001454347595714998,"Tepuk Tangan Pemerintah Berani Cabut Izin Tambang, tapi Tunggu Dulu! https://t.co/3R0iRXokbx",2025-12-18 00:47:56,3319260420,0,0,0.0,in,2025-12-18T06:37:26.217616,2025-12-18_063726_manual
2001454333175415244,ni pemerintah konsisten banget jahatnya,2025-12-18 00:47:52,1121276269381836801,0,0,0.0,in,2025-12-18T06:37:26.217616,2025-12-18_063726_manual
2001454324577361960,"@indepenSumatera mau ga peduli tapi gua tau rasanya jadi korban bencana gempa jogja 2006, EMANG PEMERINTAH KONTOL, ASU, BABI ,BAJINGAN, BANGSAAATTTT",2025-12-18 00:47:50,1985555989731688450,0,0,0.0,in,2025-12-18T06:37:26.217616,2025-12-18_063726_manual
2001454304054632553,Saya lebih mendukung sikap pemerintah Gubernur Aceh.,2025-12-18 00:47:45,1087876332,0,0,0.0,in,2025-12-18T06:37:26.217616,2025-12-18_063726_manual
2001454286656671926,"@sharpandshark Pake aja,,, hrsnya pemerintah bangun ulang rumah2 penduduk yg hancur diterpa banjir! Anggota dewan dablek! 💩",2025-12-18 00:47:41,1782039462618537984,0,0,0.0,in,2025-12-18T06:37:26.217616,2025-12-18_063726_manual
2001454284630811013,@xHDRx @susipudjiastuti @ardfauliya @kompascom Masa gtu aja harus Bu Susi lagiii.. Pemerintah ngapain ???,2025-12-18 00:47:41,1080126138809167872,0,0,0.0,in,2025-12-18T06:37:26.217616,2025-12-18_063726_manual
2001454121099133154,"""bisanya nyalahin pemerintah pusat aja soal kerusakan alam, pemerintah daerah Lo tu gak becus ngasih ijin"" Pemerintah daerah ketika becus:",2025-12-18 00:47:02,839580259,0,0,0.0,in,2025-12-18T06:37:26.217616,2025-12-18_063726_manual
2001454122579693977,"@adityanstr @neVerAl0nely___ Ahh gitu ya mas, maaf ya udah negative thinking ke pemerintah pusat 🙏🏻",2025-12-18 00:47:02,616590842,0,0,0.0,in,2025-12-18T06:37:26.217616,2025-12-18_063726_manual
2001454099162697921,@tanyarlfes Kaya pemerintah,2025-12-18 00:46:57,2171151380,0,0,0.0,in,2025-12-18T06:37:26.217616,2025-12-18_063726_manual
2001454069806964885,"@zephyraez Pemerintah be like: mungkin ada media asing yang tidak suka dengan Indonesia,padahal Indonesia mampu Indonesia kuat Capek banget 😭",2025-12-18 00:46:50,844621785647628288,0,0,0.0,in,2025-12-18T06:37:26.217616,2025-12-18_063726_manual
2001454046012473822,"Hari : Minggu Tanggal : 21 Desember 2025 Lokasi : Makodam XXII/TB Palangka Raya (Start-Finish) Melalui kegiatan ini, pemerintah berharap tercipta semangat sportivitas, kebersamaan, dan komitmen dalam menjaga ketahanan serta persatuan daerah.",2025-12-18 00:46:44,1512594544805638146,0,0,0.0,in,2025-12-18T06:37:26.217616,2025-12-18_063726_manual
2001454009572298999,"@EkoApan @Uki23 Di Indonesia, rakyat bisa minta keterbukaan informasi ijazah pejabat publik lewat UU KIP (No. 14/2008). Ajukan permohonan ke badan publik terkait, seperti KPU untuk calon pejabat atau instansi pemerintah. Bisa verifikasi online via situs resmi univ atau Kemendikbud. Gak perlu",2025-12-18 00:46:35,1720665183188922368,0,0,0.0,in,2025-12-18T06:37:26.217616,2025-12-18_063726_manual
2001453988777189544,"@loreatiny Di negara lain, kejadian pembiaran atas bencana yg terjadi di Aceh itu cukup utk menggerakkan emosi rakyat dan menurunkan pemerintah. Tp itu di negara lain.",2025-12-18 00:46:30,1636904727958138881,0,0,0.0,in,2025-12-18T06:37:26.217616,2025-12-18_063726_manual
2001450159922991349,Mana lebih besar mudharatnya jika bisa ketahuan oleh donatur negara lain bahwa penyebab banjir ini salah satunya penggundulan hutan utk tambang dan sawit ? Betapa bobrok dan rusak alam ini ketika ijin2 membuka kawasan hutan dilakukan oleh pemerintah pusat.,2025-12-18 00:31:17,972110562954944513,0,0,0.0,in,2025-12-18T06:37:26.217616,2025-12-18_063726_manual
2001450126750191927,Pemerintah dan seluruh elemen masyarakat bergerak tiada henti memberikan bantuan melalui berbagai posko maupun secara langsung melalui darat dan udara untuk wilayah terisolasi bencana di Sumatera. #KemendesPDTPeduliBencana #MenteriDesaPeduliBencanaSumatera @prabowo https://t.co/gFu7o78kgM,2025-12-18 00:31:10,1910135309620453377,0,0,0.0,in,2025-12-18T06:37:26.217616,2025-12-18_063726_manual
2001450097951834117,"@tanyarlfes agustus waktu demo itu, gw stress bgt sampek haid mundur 2 minggu wkwkwk pemerintah tolol emang",2025-12-18 00:31:03,1800323763684425728,0,0,0.0,in,2025-12-18T06:37:26.217616,2025-12-18_063726_manual
2001450085909999653,"Jaga NKRI bareng pemerintah, cegah radikal sejak sekarang!",2025-12-18 00:31:00,2459797688,0,0,0.0,in,2025-12-18T06:37:26.217616,2025-12-18_063726_manual
2001450077232197922,"@kompascom Udah tiga minggu sih udah telat klo masih tanya2 aja, harusnya udah tau kebutuhan pengungsi dan gimana cara memenuhinya. Emang pemerintah pencitraan aja kerjanya",2025-12-18 00:30:58,85988305,0,0,0.0,in,2025-12-18T06:37:26.217616,2025-12-18_063726_manual
2001449958546051139,klo orang2 bener dibasmi semua trs cm bersisa org2 serakah lama2 bakalan runtuh negara ini se dzolim itu pemerintah,2025-12-18 00:30:29,1930669609176461312,0,0,0.0,in,2025-12-18T06:37:26.217616,2025-12-18_063726_manual
2001449834033672330,"Peraturan Pemerintah tentang Pengupahan mengusung formula kenaikan upah berbasis inflasi dan pertumbuhan ekonomi dengan koefisien alfa 0,5-0,9. #Ekonomi #AdadiKompas https://t.co/1nRZGercV2",2025-12-18 00:30:00,255866913,0,0,0.0,in,2025-12-18T06:37:26.217616,2025-12-18_063726_manual
2001449819198398581,Harusnya kejadian sumatra ini jadi pelajaran bener bener oleh pemerintah biar bisa mitigasi lebih awal untuk daerah2 lain. Harusnya bmkg udh dibuatin acara breakingnya di semua channel tv buat semua daerah di indonesia karena sekarang cuaca ga jelas woy,2025-12-18 00:29:56,1285082202527555584,0,0,0.0,in,2025-12-18T06:37:26.217616,2025-12-18_063726_manual
2001449785107321105,"mbak reporter siapapun makasih banyak sudah mau memberitahukan kondisi sebenarnya yang ada di aceh wlpn ditengah pemerintah kekeuh bakal bilang ""situasi terkendali"". semoga kebaikan mba di balas oleh Allah 😔🙏🏻",2025-12-18 00:29:48,1804902959047962624,0,0,0.0,in,2025-12-18T06:37:26.217616,2025-12-18_063726_manual
2001449782804463673,Bang fery lebih punya maaf dibanding pemerintah. Cma setelah inj bakalan ada berita tolol lagi yg mempersulit rakyat hanya karena merasa kesaing dengan bang Fery,2025-12-18 00:29:48,1737436630615789568,0,0,0.0,in,2025-12-18T06:37:26.217616,2025-12-18_063726_manual
2001449745781526830,pemerintah dan seluruh elemen masyarakat bergerak tiada henti memberikan bantuan melalui berbagai posko di Sumatera #KemendesPDTPeduliBencana #MenteriDesaPeduliBencanaSumatera #PendampingDesaPeduliBencana @prabowo @YandriSusanto @ArizaPatria https://t.co/573HqxgQDH,2025-12-18 00:29:39,1897466994292875265,0,0,0.0,in,2025-12-18T06:37:26.217616,2025-12-18_063726_manual
2001449654777450786,"Sebenernya sekarang tuh yang ribut rakyat vs pemerintah atau generasi muda vs boomer Karena yang terasa, lebih kayak clash antara anak muda sama boomer boomer gaptek yang ada di pemerintahan",2025-12-18 00:29:17,1011893765101899776,0,0,0.0,in,2025-12-18T06:37:26.217616,2025-12-18_063726_manual
2001449636830286298,"Bencana alam yg melanda Sumatra meninggalkan duka bagi banyak keluarga. Di tengah situasi sulit ini, pemerintah bergerak cepat mengirimkan bantuan logistik, kebutuhan pokok, & layanan darurat ke lokasi terdampak melalui udara di beberapa titik lokasi bencana di Sumatra. #Repost https://t.co/aTdwoHuUn3",2025-12-18 00:29:13,4777911794,0,0,0.0,in,2025-12-18T06:37:26.217616,2025-12-18_063726_manual
2001449632577261968,Warga Berharap Pemerintah Pulihkan Sawah Tertimbun Lumpur Banjir di Aceh https://t.co/gqUD4H0TXc,2025-12-18 00:29:12,456426648,0,0,0.0,in,2025-12-18T06:37:26.217616,2025-12-18_063726_manual
2001449613870641574,"Sebagai korban bencana banjir, Sekarang tuh masyarakat di kabupaten ku lebih ke butuh bantuan alat2 berat buat bersihin desa2 dari lumpur. Soalnya sampe sekarang udah mau 1 bulan pasca bencana, kami banyak yg masih ngungsi belom bisa pulang ke rumah masing2. Pemerintah lambat x",2025-12-18 00:29:07,1818847186773532672,0,0,0.0,in,2025-12-18T06:37:26.217616,2025-12-18_063726_manual
2001449603498192950,"najis pemerintah selalu sok paling kerenn, idih cuih",2025-12-18 00:29:05,866263789741555712,0,0,0.0,in,2025-12-18T06:37:26.217616,2025-12-18_063726_manual
2001449561454264346,"@sharpandshark La memangnya pindah sukarela, kalau mo dipindahkan nggak usah bilang bodoh atau apalah, pindahkan saja kalau itu bagian pemerintah. Pejabat juga bodoh akut juga sih kalo ngomong.",2025-12-18 00:28:55,1168698712022896640,0,0,0.0,in,2025-12-18T06:37:26.217616,2025-12-18_063726_manual
2001127982069637614,Pemerintah dan seluruh elemen masyarakat bergerak tiada henti memberikan bantuan melalui darat dan udara untuk wilayah terisolasi bencana di Sumatera #KemendesPDTPeduliBencana #MenteriDesaPeduliBencanaSumatera #PendampingDesaPeduliBencana @prabowo @YandriSusanto @ArizaPatria https://t.co/OHAU7EI011,2025-12-17 03:11:04,1502060786050830339,0,0,0.0,in,2025-12-18T06:37:26.217616,2025-12-18_063726_manual
2001127977200050512,pemerintah dan seluruh elemen masyarakat bergerak tiada henti memberikan bantuan melalui berbagai posko maupun secara langsung melalui darat dan udara untuk wilayah terisolasi bencana di pulau Sumatra https://t.co/20UEGnzDam,2025-12-17 03:11:03,914464912029528064,0,0,0.0,in,2025-12-18T06:37:26.217616,2025-12-18_063726_manual
2001127974951903400,pemerintah dan masyarakat bergerak tiada henti memberikan bantuan secara langsung melalui darat dan udara untuk wilayah terisolasi bencana di Sumatera #KemendesPDTPeduliBencana #MenteriDesaPeduliBencanaSumatera #PendampingDesaPeduliBencana @prabowo @YandriSusanto @ArizaPatria https://t.co/H8U6s7sDu4,2025-12-17 03:11:03,921972022271385600,0,0,0.0,in,2025-12-18T06:37:26.217616,2025-12-18_063726_manual
2001127970791133479,Pemerintah dan seluruh elemen masyarakat bergerak memberikan bantuan melalui darat dan udara untuk wilayah terisolasi bencana di Sumatera #KemendesPDTPeduliBencana #MenteriDesaPeduliBencanaSumatera #PendampingDesaPeduliBencana @prabowo @YandriSusanto @ArizaPatria https://t.co/3t1DMr1kR6,2025-12-17 03:11:02,1666291524827770881,0,0,0.0,in,2025-12-18T06:37:26.217616,2025-12-18_063726_manual
2001127967414739375,"Kata org2 sekantor gak ush dibikin kentara klo anti pemerintah, cz kerja jg di lingkungan pemerintah, ntar kena masalah... wkwkwk Gila gk sih, pdahal yg gaji gw tuh rakyat chuyyy + jd peenes jg bkan karna titipan ordal juga. aahh taulaah 😮💨😮💨",2025-12-17 03:11:01,185228625,0,0,0.0,in,2025-12-18T06:37:26.217616,2025-12-18_063726_manual
2001127967918055450,pemerintah dan seluruh elemen masyarakat bergerak memberikan bantuan melalui posko maupun secara langsung melalui darat dan udara untk wilayah terisolasi bencana di Sumatera #MenteriDesaPeduliBencanaSumatera #PendampingDesaPeduliBencana @prabowo @YandriSusanto @ArizaPatria https://t.co/fhjqFU0q91,2025-12-17 03:11:01,1605934551486066688,0,0,0.0,in,2025-12-18T06:37:26.217616,2025-12-18_063726_manual
2001127952751452435,Pemerintah dan elemen masyarakat bergerak memberikan bantuan untuk wilayah terisolasi bencana di Sumatera #KemendesPDTPeduliBencana #MenteriDesaPeduliBencanaSumatera #PendampingDesaPeduliBencana @prabowo @YandriSusanto @ArizaPatria https://t.co/U9glW7A3eg,2025-12-17 03:10:57,1690715559246319616,0,0,0.0,in,2025-12-18T06:37:26.217616,2025-12-18_063726_manual
2001127949211177033,Pemerintah dan seluruh elemen masyarakat bergerak tiada henti memberikan bantuan di wilayah terisolasi bencana di Sumatera #KemendesPDTPeduliBencana #MenteriDesaPeduliBencanaSumatera #PendampingDesaPeduliBencana @prabowo @YandriSusanto @ArizaPatria https://t.co/L8MYbGQkCI,2025-12-17 03:10:56,1599703640553713664,0,0,0.0,in,2025-12-18T06:37:26.217616,2025-12-18_063726_manual
2001127947810513259,Ini harga telor naik terus pemerintah jahanam,2025-12-17 03:10:56,1755711391783370752,0,0,0.0,in,2025-12-18T06:37:26.217616,2025-12-18_063726_manual
2001127945218216363,"@leoniverze orang jahat bgt yak nyuruh"" yg kyk gitu, gapunya ati jirr ga mikir (klo ke pemerintah mah gpp) SEMANGAT TRUSS KAK ASH 😔😔🌷🌷",2025-12-17 03:10:55,1642495914286927873,0,0,0.0,in,2025-12-18T06:37:26.217616,2025-12-18_063726_manual
2001127910145769589,"Target jelas dan progresnya sudah jalan Pembangunan SPPG di Papua memang menantang, tapi komitmen pemerintah patut diapresiasi demi pemerataan gizi anak-anak. https://t.co/FCWg2Mh1d9",2025-12-17 03:10:47,1369794059418497026,0,0,0.0,in,2025-12-18T06:37:26.217616,2025-12-18_063726_manual
2001127902629261499,Pemerintah dan seluruh elemen masyarakat bergerak memberikan bantuan melalui posko maupun secara langsung ke wilayah terisolasi bencana di Sumatera #KemendesPDTPeduliBencana #MenteriDesaPeduliBencanaSumatera #PendampingDesaPeduliBencana @prabowo @YandriSusanto @ArizaPatria https://t.co/vvQoBh2rOi,2025-12-17 03:10:45,839095660246790145,1,1,0.007518796992481203,in,2025-12-18T06:37:26.217616,2025-12-18_063726_manual
2001121445427265698,Pemerintah dan seluruh elemen masyarakat bergerak tiada henti memberikan bantuan di berbagai posko maupun secara langsung melalui darat dan udara #KemendesPDTPeduliBencana #MenteriDesaPeduliBencanaSumatera #PendampingDesaPeduliBencana @prabowo @YandriSusanto @ArizaPatria https://t.co/3m12KPxp9B,2025-12-17 02:45:06,1811005345499901952,0,0,0.0,in,2025-12-18T06:37:26.217616,2025-12-18_063726_manual
2001121439156723756,Pemerintah dan seluruh elemen masyarakat bergerak tiada henti memberikan bantuan berbagai posko maupun secara langsung darat dan udara untuk wilayah terisolasi bencana di Sumatera #KemendesPDTPeduliBencana #menteridesapedulibencanasumatera @prabowo @YandriSusanto Ariza Patria https://t.co/PhUkeTS8Iz,2025-12-17 02:45:04,1636262493558554624,1,0,1.0,in,2025-12-18T06:37:26.217616,2025-12-18_063726_manual
2001121420160721075,"Tim Gabungan Penegakan Hukum Kehutanan bersama Balai Taman Nasional Berbak Sembilang (TNBS), TNI, Polri, dan pemerintah daerah memusnahkan kebun kelapa sawit ilegal seluas 98,8 hektare di dalam kawasan konservasi Taman Nasional Berbak Sembilang, Jambi. https://t.co/cHbo9yEg48",2025-12-17 02:45:00,68930552,0,0,0.0,in,2025-12-18T06:37:26.217616,2025-12-18_063726_manual
2001121415345659936,"Pemerintah dan seluruh elemen masyarakat bergerak tiada henti memberikan bantuan, untuk wilayah terisolasi bencana di Sumatera #KemendesPDTPeduliBencana #MenteriDesaPeduliBencanaSumatera #PendampingDesaPeduliBencana @prabowo @YandriSusanto @ArizaPatria https://t.co/owD5JzeOSH",2025-12-17 02:44:59,1621015630593019904,1,0,0.0625,in,2025-12-18T06:37:26.217616,2025-12-18_063726_manual
2001121411713425665,"Kegiatan Kelompok Wanita Tani (KWT) Rempanga Lestari turut dihadiri langsung oleh Kepala Desa Rempanga sebagai wujud dukungan nyata pemerintah desa terhadap pemberdayaan perempuan. Melalui KWT, diharapkan tercipta kemandirian ekonomi keluarga sekaligus penguatan ketahanan pangan https://t.co/smOSR1z1Ra",2025-12-17 02:44:58,1355574407566032900,0,0,0.0,in,2025-12-18T06:37:26.217616,2025-12-18_063726_manual
2001121412820660566,"Lahh kan dari pemerintah indo harusnya wajib njir, kocak banget dah 😭",2025-12-17 02:44:58,1279376697343655939,0,0,0.0,in,2025-12-18T06:37:26.217616,2025-12-18_063726_manual
2001121374879014929,"Pemerintah dan seluruh elemen masyarakat bergerak tiada henti memberikan bantuan melalui berbagai posko secara langsung melalui darat,udara untuk wilayah terisolasi bencana di Sumatera #KemendesPDTPeduliBencana #PendampingDesaPeduliBencana @prabowo @YandriSusanto @ArizaPatria https://t.co/rdj5eDUEiO",2025-12-17 02:44:49,1753663924728475648,0,0,0.0,in,2025-12-18T06:37:26.217616,2025-12-18_063726_manual
2001121371800449472,pemerintah dan seluruh elemen masyarakat bergerak tiada henti memberikan bantuan melalui berbagai posko maupun secara langsung melalui darat dan udara untuk wilayah terisolasi bencana di Sumatera #MenteriDesaPeduliBencanaSumatera @prabowo @YandriSusanto @ArizaPatria https://t.co/W7v31T6xqv,2025-12-17 02:44:48,1985318991821508609,0,0,0.0,in,2025-12-18T06:37:26.217616,2025-12-18_063726_manual
2001121331744821533,Pemerintah dan seluruh elemen masyarakat memberikan bantuan melalui berbagai posko maupun secara langsung untuk wilayah terisolasi bencana di Sumatera #KemendesPDTPeduliBencana #MenteriDesaPeduliBencanaSumatera #PendampingDesaPeduliBencana @prabowo @YandriSusanto @ArizaPatria https://t.co/hIiaKByfhs,2025-12-17 02:44:39,1917191683122647040,1,0,1.0,in,2025-12-18T06:37:26.217616,2025-12-18_063726_manual
2001121328066347193,Pemerintah dan seluruh elemen masyarakat bergerak tiada henti memberikan bantuan melalui berbagai posko maupun secara langsung melalui darat dan udara untuk wilayah terisolasi bencana di Sumatera @prabowo @YandriSusanto @ArizaPatra https://t.co/5ODIkf8rvi,2025-12-17 02:44:38,851802902,0,0,0.0,in,2025-12-18T06:37:26.217616,2025-12-18_063726_manual
2001121321938469026,pemerintah dan seluruh elemen masyarakat bergerak tiada henti memberikan bantuan secara langsung melalui darat dan udara untuk wilayah di Sumatera #KemendesPDTPeduliBencana #MenteriDesaPeduliBencanaSumatera #PendampingDesaPeduliBencana @prabowo @YandriSusanto @ArizaPatria https://t.co/yznb43waAz,2025-12-17 02:44:36,1917854908629561344,0,0,0.0,in,2025-12-18T06:37:26.217616,2025-12-18_063726_manual
2001121320059523348,Pemerintah dan seluruh elemen masyarakat bergerak tiada henti berikan bantuan melalui berbagai posko maupun secara langsung melalui darat dan udara u/ wilayah terisolasi bencana di Sumatera #KemendesPDTPeduliBencana @prabowo @YandriSusanto @ArizaPatria https://t.co/Ov44KeKQCB,2025-12-17 02:44:36,1900573492518817793,0,0,0.0,in,2025-12-18T06:37:26.217616,2025-12-18_063726_manual
2001121292465172973,Pemerintah & seluruh elemen masyarakat bergerak tiada henti memberikan bantuan melalui berbagai posko maupun secara langsung melalui darat & udara untuk wilayah terisolasi bencana di Sumatera #KemendesPDTPeduliBencana #MenteriDesaPeduliBencanaSumatera https://t.co/lUCjXPOIIc,2025-12-17 02:44:29,1985214051065221120,0,0,0.0,in,2025-12-18T06:37:26.217616,2025-12-18_063726_manual
2001121270017208472,pemerintah dan seluruh elemen masyarakat bergerak tiada henti memberikan bantuan melalui posko maupun secara langsung melalui darat dan udara untuk wilayah terisolasi bencana di Sumatera #KemendesPDTPeduliBencana #MenteriDesaPeduliBencanaSumatera #PendampingDesaPeduliBencana,2025-12-17 02:44:24,839006970577211392,0,0,0.0,in,2025-12-18T06:37:26.217616,2025-12-18_063726_manual
2001117608817648027,@STakiyah21908 Pemerintah kita terlalu gengsi,2025-12-17 02:29:51,947632364003368961,0,0,0.0,in,2025-12-18T06:37:26.217616,2025-12-18_063726_manual
2001117609828503803,Pemerintah&seluruh elemen masyarakat bergerak tiada henti memberikan bantuan mll berbagai posko maupun secara langsung drat n udr wil trisolasi bencana #KemendesPDTPeduliBencana #MenteriDesaPeduliBencanaSumatera #PendampingDesaPeduliBencana @prabowo @YandriSusanto @ArizaPatria https://t.co/fPrUI0hRR1,2025-12-17 02:29:51,1859241894670467072,0,0,0.0,in,2025-12-18T06:37:26.217616,2025-12-18_063726_manual
2001117604233216438,"@Goo9le_Fiv3 Ga ada jaminan bencana itu menjadi yg terakhir, ga ada action nyata dari pemerintah untuk mencabut semua izin pembabatan hutan dan kebun sawit, ancaman bencana sangat nyata dan akan menghantui semua korban, selamanya!",2025-12-17 02:29:50,1653431513508368384,0,0,0.0,in,2025-12-18T06:37:26.217616,2025-12-18_063726_manual
2001117578039865617,pemerintah & masyarakat bergerak tiada henti memberikan bantuan secara langsung melalui darat dan udara untuk wilayah terisolasi bencana di Sumatera #KemendesPDTPeduliBencana #MenteriDesaPeduliBencanaSumatera #PendampingDesaPeduliBencana @prabowo @YandriSusanto @ArizaPatria https://t.co/LFCSKEG7xV,2025-12-17 02:29:44,1666229496696160258,0,0,0.0,in,2025-12-18T06:37:26.217616,2025-12-18_063726_manual
2001117576315982166,Pemerintah dan seluruh elemen masyarakat bergerak tiada henti memberikan bantuan melalui berbagai posko maupun secara langsung #KemendesPDTPeduliBencana #MenteriDesaPeduliBencanaSumatera #PendampingDesaPeduliBencana @prabowo @YandriSusanto @ArizaPatria https://t.co/ncbgQrV1MZ,2025-12-17 02:29:43,940798237723758592,0,0,0.0,in,2025-12-18T06:37:26.217616,2025-12-18_063726_manual
2001117455578751121,Pemerintah dan seluruh elemen masyarakat bergerak tiada henti memberikan bantuan ke wilayah terisolasi bencana di Sumatera #KemendesPDTPeduliBencana #MenteriDesaPeduliBencanaSumatera #PendampingDesaPeduliBencana @prabowo @YandriSusanto @ArizaPatria https://t.co/nMI1gutzca,2025-12-17 02:29:15,1221828191318228993,0,0,0.0,in,2025-12-18T06:37:26.217616,2025-12-18_063726_manual
2001117408686383172,Pemerintah dan masyarakat bergerak memberikan bantuan di wilayah terisolasi bencana di Sumatera #KemendesPDTPeduliBencana #MenteriDesaPeduliBencanaSumatera #PendampingDesaPeduliBencana @prabowo @YandriSusanto @ArizaPatria https://t.co/p9qvkPKcC7,2025-12-17 02:29:03,1615235518564012032,0,0,0.0,in,2025-12-18T06:37:26.217616,2025-12-18_063726_manual
2001117341338492992,Pemerintah dan seluruh elemen masyarakat bergerak tiada henti memberikan bantuan melalui berbagai posko untuk wilayah terisolasi bencana di Sumatera #KemendesPDTPeduliBencana #MenteriDesaPeduliBencanaSumatera #PendampingDesaPeduliBencana @prabowo @YandriSusanto @ArizaPatria https://t.co/N1iRNYTqiF,2025-12-17 02:28:47,1562858102,0,0,0.0,in,2025-12-18T06:37:26.217616,2025-12-18_063726_manual
2001117324154458373,pemerintah dan seluruh elemen masyarakat bergerak tiada henti memberikan bantuan melalui berbagai posko maupun secara langsung melalui darat dan udara untuk wilayah terisolasi bencana di Sumatera #KemendesPDTPeduliBencana #MenteriDesaPeduliBencanaSumatera #PendampingDesa https://t.co/gmDIEtCngu,2025-12-17 02:28:43,1910833633583390721,0,0,0.0,in,2025-12-18T06:37:26.217616,2025-12-18_063726_manual
2001117290604241185,pemerintah indo satu kabinet beserta presiden dan wapresnya,2025-12-17 02:28:35,1094499599186710529,0,0,0.0,in,2025-12-18T06:37:26.217616,2025-12-18_063726_manual
2001117289350095293,Pemerintah dan seluruh elemen masyarakat bergerak memberikan bantuan untuk wilayah terisolasi bencana di Sumatera #KemendesPDTPeduliBencana #MenteriDesaPeduliBencanaSumatera #PendampingDesaPeduliBencana @prabowo @YandriSusanto @ArizaPatria https://t.co/fsSIPwqQfF,2025-12-17 02:28:35,1862374126435852288,0,0,0.0,in,2025-12-18T06:37:26.217616,2025-12-18_063726_manual
2001117275060109433,Pemerintah & seluruh elemen masyarakat bergerak tiada henti memberikan bantuan melalui berbagai posko untuk wilayah terisolasi bencana di Sumatera. #KemendesPDTPeduliBencana #MenteriDesaPeduliBencanaSumatera #PendampingDesaPeduliBencana @prabowo @YandriSusanto @ArizaPatria https://t.co/1x701KG4qI,2025-12-17 02:28:31,1681496728888037377,0,0,0.0,in,2025-12-18T06:37:26.217616,2025-12-18_063726_manual
2001113913124061635,Pemerintah & masyarakat bergerak tiada henti memberikan bantuan melalui berbagai posko maupun secara langsung melalui darat dan udara #KemendesPDTPeduliBencana #MenteriDesaPeduliBencana #PendampingDesaPeduliBencana @prabowo @YandriSusanto @ArizaPatria https://t.co/6ExnMXpFE0,2025-12-17 02:15:10,848500385266323456,0,0,0.0,in,2025-12-18T06:37:26.217616,2025-12-18_063726_manual
2001113832857731526,@Hermoyliana @joorig107 @DjolaFix Aib pemerintah dan orang2 di dalamnya...😁😁,2025-12-17 02:14:51,1972560808317198336,0,0,0.0,in,2025-12-18T06:37:26.217616,2025-12-18_063726_manual
2001113800553193931,@45Fax32250 @kunley_drukpa Apa yang berlaku di Indonesh ini lah ... Kahwin haram dahulu 🤣 siapa desh sekarang. Woi Indon kamu komentar tidak paham bahasa alien tapi paham juga apa aku tuliskan hahaha bodoh simpan Indon. Pemerintah Indon taik hama bodoh https://t.co/8ppyDfTH9n,2025-12-17 02:14:43,1972598337011671040,0,0,0.0,in,2025-12-18T06:37:26.217616,2025-12-18_063726_manual
2001113795234816096,"beliau hanya satu dari banyaknya orang, ironis sekali. Ya Allah, indungi semua orang yang terdampak dari bencana alam dan pemerintah dzolim😭",2025-12-17 02:14:42,1568552305091543041,0,0,0.0,in,2025-12-18T06:37:26.217616,2025-12-18_063726_manual
2001113792940532204,Pemerintah melalui darat dan udara untuk wilayah terisolasi bencana di Sumatera #KemendesPDTPeduliBencana #MenteriDesaPeduliBencanaSumatera #TPPPeduliBencana @prabowo @YandriSusanto @ArizaPatria https://t.co/FcvyupzTng,2025-12-17 02:14:41,2724100632,0,0,0.0,in,2025-12-18T06:37:26.217616,2025-12-18_063726_manual
2001113750288654645,Pemerintah tiada henti memberikan bantuan melalui berbagai posko maupun secara langsung melalui darat dan udara untuk wilayah terisolasi bencana di Sumatera #KemendesPDTPeduliBencana #MenteriDesaPeduliBencanaSumatera #PendampingDesaPeduliBencana @prabowo @YandriSusanto https://t.co/U762bNjgnE,2025-12-17 02:14:31,1897091839314083840,0,0,0.0,in,2025-12-18T06:37:26.217616,2025-12-18_063726_manual
2001113736795607090,"Makasih buat kalian yang suka hina pemerintah sama speak up bantuan bencana banjir, jadinya mapel etika fisika aku lancar😭🥰 love u guys Kelompok gua gaguna banget, gua semua yg mikir sama ngerjain + mikir",2025-12-17 02:14:28,1846221901133500419,0,0,0.0,in,2025-12-18T06:37:26.217616,2025-12-18_063726_manual
2001113713290699003,Pemerintah dan seluruh elemen masyarakat bergerak tiada henti memberikan bantuan secara langsung melalui darat dan udara untuk wilayah terisolasi bencana di Sumatera #KemendesPDTPeduliBencana #PendampingDesaPeduliBencana @prabowo @YandriSusanto @ArizaPatria https://t.co/rkQUknRo8e,2025-12-17 02:14:22,1853966065803665408,1,0,1.0,in,2025-12-18T06:37:26.217616,2025-12-18_063726_manual
2001113692713443681,Pemerintah dan seluruh elemen masyarakat bergerak tiada henti memberikan bantuan untuk wilayah terisolasi bencana di Sumatera #KemendesPDTPeduliBencana #MenteriDesaPeduliBencanaSumatera #PendampingDesaPeduliBencana @prabowo @YandriSusanto @ArizaPatria https://t.co/Ltvxlwuj4h,2025-12-17 02:14:17,916631735093178368,0,0,0.0,in,2025-12-18T06:37:26.217616,2025-12-18_063726_manual
2001113660987752520,@Bambang18055179 @tempodotco Kedaulatan tertinggi berada di tangan rakyat. Pemerintah itu cuma kacung yang digaji dari jerih payah rakyat. Salah kalau bos nyuruh buruhnya untuk kerja? Enak banget makan gaji buta.,2025-12-17 02:14:10,258704292,0,0,0.0,in,2025-12-18T06:37:26.217616,2025-12-18_063726_manual
2001113641249333383,"Di mata pemerintah kita hanya angka, bukan jiwa",2025-12-17 02:14:05,752771632049975297,0,0,0.0,in,2025-12-18T06:37:26.217616,2025-12-18_063726_manual
2001113638397206908,Pemerintah dan seluruh elemen masyarakat bergerak tiada henti memberikan bantuan melalui darat dan udara untuk wilayah terisolasi bencana di Sumatera. #KemendesPDTPeduliBencana #MenteriDesaPeduliBencanaSumatera #PendampingDesaPeduliBencana @prabowo @YandriSusanto @ArizaPatria https://t.co/rXUzfypEEc,2025-12-17 02:14:04,1614216600814751747,0,0,0.0,in,2025-12-18T06:37:26.217616,2025-12-18_063726_manual
2001113622748258304,pemerintah dan seluruh elemen masyarakat bergerak tiada henti memberikan bantuan melalui berbagai posko maupun secara langsung melalui darat dan udara untuk wilayah terisolasi bencana di Sumatera #KemendesPDTPeduliBencana #PendampingDesaPeduliBencana https://t.co/vX8dzSw8Ly,2025-12-17 02:14:01,931736794562838529,0,0,0.0,in,2025-12-18T06:37:26.217616,2025-12-18_063726_manual
2001113596219273663,gue sbenermya mual tiap login akun ini😭😭 karna di akun ini berita ketololan pemerintah massive dan makin gong tiap di buka😭😭😭😭😭😭 tpi anjir klo gk baca berita kek orang tolol😭😭😭😭😭 makanya gue lebih aktif di akun kpop gueee😭😭😭😭😭,2025-12-17 02:13:54,1464425566082420745,0,0,0.0,in,2025-12-18T06:37:26.217616,2025-12-18_063726_manual
2001113582373855249,Pemerintah dan seluruh elemen masyarakat bergerak tiada henti memberikan bantuan melalui berbagai posko maupun secara langsung melalui darat dan udara untuk wilayah terisolasi bencana di Sumatera #KemendesPDTPeduli #MenteriDesaPeduliBencanaSumatera @prabowo @YandriSusanto https://t.co/vjyo1QHliP,2025-12-17 02:13:51,1164215932719251457,0,0,0.0,in,2025-12-18T06:37:26.217616,2025-12-18_063726_manual
2001113570558533812,Pemerintah dan seluruh elemen masyarakat bergerak tiada henti memberikan bantuan melalui berbagai posko maupun secara langsung melalui darat dan udara untuk wilayah terisolasi bencana di Sumatera #PendampingDesaPeduliBencana @prabowo @YandriSusanto @ArizaPatria https://t.co/ygX1292mbN,2025-12-17 02:13:48,1607998612138754048,0,0,0.0,in,2025-12-18T06:37:26.217616,2025-12-18_063726_manual
2001113562811605305,@KampusUpdate @Y_D_Y_P Eh? Pemerintah membuat keputusan rasional? https://t.co/AcEFMGZoj4,2025-12-17 02:13:46,120092914,0,0,0.0,in,2025-12-18T06:37:26.217616,2025-12-18_063726_manual
2001110136027521349,"#Repost @kem_atrbpn . Halo #SobATRBPN, Kehadiran pemerintah melalui Reforma Agraria tidak berhenti pada pemberian akses atas tanah semata, tetapi juga diwujudkan melalui upaya membangun kekuatan bersama masyarakat. https://t.co/wLuZLZZ9Sj",2025-12-17 02:00:09,1165832682531479558,0,0,0.0,in,2025-12-18T06:37:26.217616,2025-12-18_063726_manual
2001110126984618428,Pelaksanaan Penyusunan Draft MOU dan Perjanjian Kerja Sama Bapas Kelas I Bandar Lampung Dengan Pemerintah Kabupaten Lampung Selatan Dalam Mendukung Implementasi KUHP Nasional https://t.co/bsZg2HL2G7,2025-12-17 02:00:07,1240499659048538112,0,0,0.0,in,2025-12-18T06:37:26.217616,2025-12-18_063726_manual
2001110095254409610,Komisi V DPR meminta pemerintah segera mempercepat upaya mitigasi bencana menyusul peringatan dari BMKG mengenai kemunculan tiga siklon di sekitar wilayah Indonesia #dpr #BMKG https://t.co/41i3mlbvIq,2025-12-17 02:00:00,1728987951345065984,0,0,0.0,in,2025-12-18T06:37:26.217616,2025-12-18_063726_manual
2001110078578114580,"@Mdy_Asmara1701 Teruslah menggunduli hutan, keruk terus itu hutan2 sumatera. Silakan menyalahkan pemerintah pusat, tapi coba tengok bagaimana kinerja perangkat desa, pemda & pemprov kalian, sejauh mana effort mereka melestarikan lingkungan ? Apakah mereka melawan ataukah ternyata 1 kolam ?",2025-12-17 01:59:56,92552362,0,0,0.0,in,2025-12-18T06:37:26.217616,2025-12-18_063726_manual
2001110060194578454,@Mythicalforest Cara membanding2kan bantuan orang lain dengan bantuan pemerintah. Indikasinya udah menuju Sumatra sebagai daerah tertindas,2025-12-17 01:59:51,1976271019699732480,0,0,0.0,in,2025-12-18T06:37:26.217616,2025-12-18_063726_manual
2001110037490741274,@ARSIPAJA Kok ribet naik pangkat??? bencana aja blm ter tangani dgn baik!!! bukankah bencana adalah tanggung jawab pemerintah utk memulihkan keadaan???,2025-12-17 01:59:46,913569280658046977,0,0,0.0,in,2025-12-18T06:37:26.217616,2025-12-18_063726_manual
2001109957752803673,pemerintah dan seluruh masyarakat memberikan bantuan melalui posko maupun langsung melalui darat dan udara wilayah terisolasi bencana di Sumatera #KemendesPDTPeduliBencana #MenteriDesaPeduliBencanaSumatera #PendampingDesaPeduliBencana @prabowo @YandriSusanto @ArizaPatria https://t.co/PtttJnJbu6,2025-12-17 01:59:27,1210474741665976320,0,0,0.0,in,2025-12-18T06:37:26.217616,2025-12-18_063726_manual
2001109955974426927,Program MBG bukti nyata pemerintah serius kasih manfaat buat rakyat dan petugas. https://t.co/L0O8OfetsJ,2025-12-17 01:59:26,524165654,0,0,0.0,in,2025-12-18T06:37:26.217616,2025-12-18_063726_manual
2001109941168562627,"Di dunia yang ideal, dimana pemerintah menaati tata guna lahan, berpihak pada lingkungan dan masyarakat, dan tidak abai terhadap ilmu pengetahuan, ini bisa jadi bagus mengingat kondisi geografis Indonesia. Sayangnya, ini Indonesia, yang pejabatnya ... [isi sendiri].",2025-12-17 01:59:23,74671671,0,0,0.0,in,2025-12-18T06:37:26.217616,2025-12-18_063726_manual
2001109938148663599,"@MurtadhaOne1 Seperti biasa Ya Allah, semua pemerintah dzoliim azab dunia dulu ☺️ https://t.co/mAtrCr8i15",2025-12-17 01:59:22,1045872119945424897,0,0,0.0,in,2025-12-18T06:37:26.217616,2025-12-18_063726_manual
2001109919790162430,pemerintah dan seluruh elemen masyarakat bergerak tiada henti memberikan bantuan melalui berbagai posko maupun secara langsung melalui darat dan udara untuk wilayah terisolasi bencana di Sumatera #KemendesPDTPeduliBencana #MenteriDesaPeduliBencanaSumatera @prabowo https://t.co/CJsFqkoopc,2025-12-17 01:59:18,1952918733888077827,1,0,1.0,in,2025-12-18T06:37:26.217616,2025-12-18_063726_manual
2001109882020487227,Sinergi pemerintah pusat dan daerah ini diharapkan mempercepat pemutakhiran data pertanahan dan memperkuat pengelolaan ruang di Provinsi terluas di Indonesia.,2025-12-17 01:59:09,1512594544805638146,0,0,0.0,in,2025-12-18T06:37:26.217616,2025-12-18_063726_manual
2001109858888962487,Pemerintah membrikan bantuan secara langsung melalui darat dan udara untuk wilayah terisolasi bencana di Sumatera #KemendesPDTPeduliBencana #MenteriDesaPeduliBencanaSumatera #PendampingDesaPeduliBencana @prabowo @YandriSusanto @ArizaPatria https://t.co/fAt11HesTo,2025-12-17 01:59:03,2787045059,0,0,0.0,in,2025-12-18T06:37:26.217616,2025-12-18_063726_manual
2001109842233376795,@tanzaniette @syah_andrians @Saa_Ila @imaqueennz Sdh segitu semua bergerak trs lu masih meragukan cb kasi ide lu hrs mesti apa pemerintah... Lu pikir utk mengatasi bencana bs diatasi dlm sehari 2 hari gt ??,2025-12-17 01:58:59,1123868420242591745,0,0,0.0,in,2025-12-18T06:37:26.217616,2025-12-18_063726_manual
2001109836952748415,Pemerintah dan seluruh elemen masyarakat bergerak tiada henti memberikan bantuan melalui berbagai posko maupun secara langsung melalui darat dan udara #KemendesPDTPeduliBencana #MenteriDesaPeduliBencanaSumatera #PendampingDesaPeduliBencana @prabowo @YandriSusanto @ArizaPatria https://t.co/n6S4sDii2a,2025-12-17 01:58:58,851186956297846785,0,0,0.0,in,2025-12-18T06:37:26.217616,2025-12-18_063726_manual
2001109832481570896,"Rakor ini menjadi ruang penting bagi Pemerintah Daerah se-Kalteng untuk berkonsultasi langsung terkait percepatan penyelesaian persoalan pertanahan, tumpang tindih kawasan, revisi RTRW, hingga penguatan RDTR dan LP2B guna mengendalikan alih fungsi lahan.",2025-12-17 01:58:57,1512594544805638146,0,0,0.0,in,2025-12-18T06:37:26.217616,2025-12-18_063726_manual
2001109806061691005,Pemerintah & seluruh elemen masyarakat bergerak tiada henti memberikan bantuan melalui berbagai posko maupun secara langsung melalui darat & udara untuk wilayah terisolasi bencana di Sumatera #kemendespdtpedulibencana @prabowo @YandriSusanto @ArizaPatria,2025-12-17 01:58:51,1593227811736600577,0,0,0.0,in,2025-12-18T06:37:26.217616,2025-12-18_063726_manual
2001106371207630940,"@RecehinAjaid Bubarin pemerintah, ganti yang kompeten",2025-12-17 01:45:12,2903660701,0,0,0.0,in,2025-12-18T06:37:26.217616,2025-12-18_063726_manual
2001106331399545295,@enfpey @meidiocore Debat asia tenggara lebih seru soalnya sama-sama senasib pemerintah korup kwkwkkw,2025-12-17 01:45:02,1319120661730586625,0,0,0.0,in,2025-12-18T06:37:26.217616,2025-12-18_063726_manual
2001106316178415790,Penandatanganan nota kesepahaman antara Kejaksaan Tinggi Jawa Timur dan Pemerintah Provinsi Jawa Timur tentang Pelaksanaan Pidana Kerja Sosial Bagi Pelaku Tindak Pidana https://t.co/JJPm8pRG1t,2025-12-17 01:44:59,1288337290868092930,0,0,0.0,in,2025-12-18T06:37:26.217616,2025-12-18_063726_manual
2001106314253209783,"Eneg bgt ya Allah liat kelakuan pemerintah kita ini najis amit amit dahhh. Gitu ye efek makan uang haram, otak ama mulut kosong bisanya cuma nyakitin hati orang, udah gabisa berperilaku yg baik. Naudzubillahimindzalik. Semoga saya & keluarga dijauhkan dari adzab seperti ini.",2025-12-17 01:44:58,43307537,0,0,0.0,in,2025-12-18T06:37:26.217616,2025-12-18_063726_manual
2001106268019446202,pemerintah & seluruh elemn bergerak tiada henti berikan bant lewat bergai posko maupn langsng lewt darat & udara tuk wilyh terislasi benc di Sumatera #KemendesPDTPeduliBencana #MenteriDesaPeduliBencanaSumatera #PendampingDesaPeduliBencana @prabowo @YandriSusanto @ArizaPatria https://t.co/EuiBAJlwjq,2025-12-17 01:44:47,1598645551054327810,0,0,0.0,in,2025-12-18T06:37:26.217616,2025-12-18_063726_manual
2001106244162216448,Buruh Ancam Gugat Pemerintah ke PTUN Jika PP Pengupahan Jadi Dasar UMP 2026 https://t.co/Q98wTOyNCE,2025-12-17 01:44:42,124171593,0,0,0.0,in,2025-12-18T06:37:26.217616,2025-12-18_063726_manual
2001106235157045365,"Program MBG vibes positif, bukti nyata pemerintah hadir buat rakyat dan petugas. https://t.co/ZcKa1Kp07R",2025-12-17 01:44:39,530879716,0,0,0.0,in,2025-12-18T06:37:26.217616,2025-12-18_063726_manual
2001106198020403449,Pada Saat Ramai berbicara Pembangunan IKN saya sudah menulis betapa berbahayanya jika kemudian Pemerintah melakukan Pembukaan Lahan Hutan dalam skala besar - melakukan land clearing tanpa disertai Rencana Kerja yang jelas dan pasti - ada Kerusakan Tanah Permukaan #hening,2025-12-17 01:44:31,780554097388687360,0,0,0.0,in,2025-12-18T06:37:26.217616,2025-12-18_063726_manual
2001106179729317994,"pemerintah kalau ga bikin ide konyol, sekarat kah?",2025-12-17 01:44:26,1410147498220429320,0,0,0.0,in,2025-12-18T06:37:26.217616,2025-12-18_063726_manual
2001106147928105301,pemerintah dan seluruh elemen masyarakat bergerak tiada henti memberikan bantuan melalui berbagai posko maupun secara langsung melalui darat dan udara untuk wilayah terisolasi bencana di Sumatera #KemendesPDTPeduliBencana #MentriDesaPeduliBencanaSumatera https://t.co/I7cTFb5wfS,2025-12-17 01:44:19,920885918839353344,0,0,0.0,in,2025-12-18T06:37:26.217616,2025-12-18_063726_manual
2001106099962024379,"Pemerintah tertibkan 1,5 juta ha hutan. Izin dicabut, pengawasan dijanjikan. Apa dampaknya di lapangan? #HutanIndonesia #Lingkungan https://t.co/lfMEaDxlWl",2025-12-17 01:44:07,1787417069354696704,0,0,0.0,in,2025-12-18T06:37:26.217616,2025-12-18_063726_manual
2001106009553866999,Ditambah lagi baca berita pemerintah yang salah kaprah behhh,2025-12-17 01:43:46,2235742699,0,0,0.0,in,2025-12-18T06:37:26.217616,2025-12-18_063726_manual
2001105967640092885,#TemanPemilih KPU Kabupaten Brebes mengikuti Bimbingan Teknis Pengisian Kartu Kendali Sesuai dengan Keputusan KPU Nomor 855 Tahun 2025 tentang Pedoman Teknis Penyelenggaraan Sistem Pengendalian Intern Pemerintah di Komisi Pemilihan Umum. #KPUMelayani #kpubrebes https://t.co/KuZmnlVvKg,2025-12-17 01:43:36,3344155032,0,0,0.0,in,2025-12-18T06:37:26.217616,2025-12-18_063726_manual
2001105943187312648,Pemerintah dan seluruh elemen masyarakat bergerak tiada henti memberikan bantuan melalui berbagai posko maupun secara langsung melalui darat dan udara untuk wilayah terisolasi bencana di Sumatera #KemendesPDTPeduliBencana #MenteriDesaPeduliBencanaSumatera #PendampingDesaPedul https://t.co/oGlhncrhPk,2025-12-17 01:43:30,912169842207219713,0,0,0.0,in,2025-12-18T06:37:26.217616,2025-12-18_063726_manual
2001105933553066321,@afrkml Udah 2 hari lho ners aku ga buka X.. gegara udah nebak pasti isinya asbun ga jelasnya pemerintah,2025-12-17 01:43:27,1552961522909216768,0,0,0.0,in,2025-12-18T06:37:26.217616,2025-12-18_063726_manual
2001105916469583879,@leksa Yang harus diketahui : dari awal program ini launching tahun 2020 memang hanya akan ditanggung Ditjen Hubdat (Pemerintah Pusat) sampai ~3 tahun sebagai katalis untuk Pemda mengembangkan layanannya sendiri. Memang dari awal programnya setelah 3 tahun akan dihandover ke Pemda.,2025-12-17 01:43:23,462822785,0,0,0.0,in,2025-12-18T06:37:26.217616,2025-12-18_063726_manual
2001105880507650373,pemerintah & seluruh elemen masyarakat bergerak memberikan bantuan di berbagai posko maupun secara langsung melalui darat dan udara untuk wilayah terisolasi bencana di Sumatera #KemendesPDTPeduliBencana #MenteriDesaPeduliBencanaSumatera #PendampingDesaPeduliBencana @prabowo https://t.co/DEtIa2TDr4,2025-12-17 01:43:15,1838362720074371072,1,0,0.09090909090909091,in,2025-12-18T06:37:26.217616,2025-12-18_063726_manual
2001098818163761275,Dharma Wanita Persatuan Pemerintah Provinsi Kalimantan Tengah menggelar peringatan HUT Ke‑26 dengan penuh kekhidmatan dan semangat kebersamaan. https://t.co/O8t9g261H7,2025-12-17 01:15:11,1512594544805638146,0,0,0.0,in,2025-12-18T06:37:26.217616,2025-12-18_063726_manual
2001098808592359432,@KucengTerbanggg Itu menandakan keterbukaan dan transparansi pemerintah ☺,2025-12-17 01:15:09,1473227961637621761,0,0,0.0,in,2025-12-18T06:37:26.217616,2025-12-18_063726_manual
2001098743039639611,"klo pemerintah indo mah pura"" gak tau yg penting perut mereka makin buncit aja",2025-12-17 01:14:53,875409038,0,0,0.0,in,2025-12-18T06:37:26.217616,2025-12-18_063726_manual
2001098718985228671,negara anjing pemerintah anjing ramen enak anjing,2025-12-17 01:14:47,1534578799785828352,0,0,0.0,in,2025-12-18T06:37:26.217616,2025-12-18_063726_manual
2001098703625707816,@ekowboy2 Partai Gerindra mendesak Pemerintah untuk Meningkatkan Status Menjadi Bencana Nasional. https://t.co/kdlcFjgqyY,2025-12-17 01:14:44,1275361811060019201,0,0,0.0,in,2025-12-18T06:37:26.217616,2025-12-18_063726_manual
2001098687775433015,"@MurtadhaOne1 Udah nggak bisa apa apa kita jadinya ? Pemerintah beneran nutup semua jalur. Pernyataan DPR Aceh kemarin juga nggak dianggap sama mereka? Maunya apa sih, beneran mau rakyat Aceh semua mati, demi duit yang nggak akan bisa di bawa mati itu kalian !!",2025-12-17 01:14:40,1142169477041143808,0,0,0.0,in,2025-12-18T06:37:26.217616,2025-12-18_063726_manual
2001098631043277052,"@txtdaritaxpayer Selamat bang, salah satu akun panutan gw dalam hal kritik mengkritik pemerintah 🤣",2025-12-17 01:14:26,1909431232854953984,0,0,0.0,in,2025-12-18T06:37:26.217616,2025-12-18_063726_manual
2001098595651740080,Pemerintah daerah dilibatkan secara aktif. #KementerianHukum #KanwilKemenkumSulteng #LayananHukumMakinMudah #SetahunBerdampak,2025-12-17 01:14:18,2240340451,0,0,0.0,in,2025-12-18T06:37:26.217616,2025-12-18_063726_manual
2001098544556728766,"@MurtadhaOne1 Lama2 bisa saja Sumatera minta bantuan senjata ke asing. Krn Sumatera pernah melakukan itu, minta bantuan senjata pada asing krn ketidakadilan pemerintah pusat. Presiden Prabowo tau betul soal itu.",2025-12-17 01:14:06,137052365,0,0,0.0,in,2025-12-18T06:37:26.217616,2025-12-18_063726_manual
2001098425149088125,"@KinjengKolenka Harapannya pemerintah dan BGN terus berbenah di seluruh lini pelaksanaan, dari perencanaan hingga pengawasan, agar kejadian serupa tidak terulang.",2025-12-17 01:13:37,1935212255785988096,0,0,0.0,in,2025-12-18T06:37:26.217616,2025-12-18_063726_manual
2001098377111724156,@tanyakanrl Wkwkw bingung juga. Kemaren ada yg nasehatin aku katanya kalo lagi nyari rejeki di suatu tempat jangan hina tempat itu. Tapi kayaknya beda case kalo hubungannya sama pemerintah😂,2025-12-17 01:13:26,1036262427606671360,0,0,0.0,in,2025-12-18T06:37:26.217616,2025-12-18_063726_manual
2001098337483964677,"@Roebanie Masak Pemetaan yg lakuin swasta mau diminta data nya sm pemerintah atas dasar nasionalisme , kan kita py badan informasi geospasial, dibawah BRIN yang selama ini lakuin pemetaaan seluruh Indonesia. Kl swasta ngga boleh bikin peta ckp ngga kasi ijin",2025-12-17 01:13:16,1075816948590510080,0,0,0.0,in,2025-12-18T06:37:26.217616,2025-12-18_063726_manual
2001098276641407295,"Menko AHY: Kolaborasi Pemerintah dan Dunia Usaha, Kirim Bantuan Kemanusiaan Untuk Sumatera. https://t.co/IQZ948IwpO",2025-12-17 01:13:02,589997125,1,1,0.0001016880211511084,in,2025-12-18T06:37:26.217616,2025-12-18_063726_manual
2001098194445590989,"@AplikasiK10591 @gabrielevodius @hammsqi mau ngarepin polisi pun gada gunanya, pemerintah sana dh kek org nganggur dibayar, gak pernah kerja",2025-12-17 01:12:42,1511961163533529090,0,0,0.0,in,2025-12-18T06:37:26.217616,2025-12-18_063726_manual
2001098065256833076,Alhamdulillah nyobain juga selfie pake smart TV Merah Putih dr pemerintah next nobar ya.. https://t.co/4pC8WB9pMQ,2025-12-17 01:12:12,335412260,0,0,0.0,in,2025-12-18T06:37:26.217616,2025-12-18_063726_manual
2001098055324749861,Pemerintah Kalimantan Utara Pastikan Persiapan Jelang Natal dan Tahun Baru 2026 Berjalan Aman dan Lancar https://t.co/Y0oYRL2g0u,2025-12-17 01:12:09,1531612969695518721,0,0,0.0,in,2025-12-18T06:37:26.217616,2025-12-18_063726_manual
2001098041512927722,Kanwil hadir sebagai mitra strategis pemerintah daerah. #KementerianHukum #KanwilKemenkumSulteng #LayananHukumMakinMudah #SetahunBerdampak,2025-12-17 01:12:06,2240340451,0,0,0.0,in,2025-12-18T06:37:26.217616,2025-12-18_063726_manual
2001095036428296258,125/ 🌍 Penghargaan seperti Pos Kupang Award 2025 mendorong instansi pemerintah untuk terus berinovasi dan meningkatkan kualitas layanan kepada masyarakat. #KanwilKemenkumNTT #KementerianHukum #LayananHukumMakinMudah #TransformasiHukum #HukumUntukSemua #SetahunBerdampak,2025-12-17 01:00:09,1526386245311811584,0,0,0.0,in,2025-12-18T06:37:26.217616,2025-12-18_063726_manual
2001095033412554808,"124/ 🧭 Sinergi antara media dan lembaga pemerintah menciptakan transparansi dan akuntabilitas dalam pelayanan publik, termasuk di bidang hukum. #KanwilKemenkumNTT #KementerianHukum #LayananHukumMakinMudah #TransformasiHukum #HukumUntukSemua #SetahunBerdampak #SilvesterSiliLaba",2025-12-17 01:00:09,1526386245311811584,0,0,0.0,in,2025-12-18T06:37:26.217616,2025-12-18_063726_manual
2001095020112437286,"121/ 🤝 Kolaborasi antara pemerintah pusat, pemerintah daerah, dan organisasi bantuan hukum menjadi kunci keberhasilan program ini di NTT. #KanwilKemenkumNTT #KementerianHukum #LayananHukumMakinMudah #TransformasiHukum #HukumUntukSemua #SetahunBerdampak #SilvesterSiliLaba Kanwil",2025-12-17 01:00:05,1526386245311811584,0,0,0.0,in,2025-12-18T06:37:26.217616,2025-12-18_063726_manual
2001094916144050496,"@kevinpramudya_ Di tiktok narasinya malah begini ""bantuan dari luar itu ga gratis.. kayak udah dibalik rempeyek.. liat aja tuh australia yg minta imbalan balas budi"" Soal balas budi itu biar jadi urusan pemerintah njir.. lagian ga ada salahnya balas budi, anggep aja ucapan terima kasih balik",2025-12-17 00:59:41,1552961522909216768,0,0,0.0,in,2025-12-18T06:37:26.217616,2025-12-18_063726_manual
2001094915485524215,62/ 🧑💼 Peran pemerintah pusat dan daerah yang disebut Yunus P. S. Bureni menunjukkan bahwa fungsi regulasi dan fungsi pelayanan saling melengkapi di lapangan. #KanwilKemenkumNTT #KementerianHukum #LayananHukumMakinMudah #TransformasiHukum #HukumUntukSemua #SetahunBerdampak,2025-12-17 00:59:41,1526386245311811584,0,0,0.0,in,2025-12-18T06:37:26.217616,2025-12-18_063726_manual
2001094909957431685,Pemerintah terus bergerak membangun infrastruktur di wilayah terdampak bencana di Sumatera. Akses jalan dan logistik dipercepat agar bantuan dapat segera menjangkau masyarakat yang membutuhkan. https://t.co/dsYXXB4PU2,2025-12-17 00:59:39,1716271493850791936,0,0,0.0,in,2025-12-18T06:37:26.217616,2025-12-18_063726_manual
2001094903699578881,"60/ 🧩 Di balik setiap Pos Bantuan Hukum, ada kerja kolaboratif antara pemerintah, organisasi bantuan hukum, dan komunitas lokal yang saling menguatkan. #KanwilKemenkumNTT #KementerianHukum #LayananHukumMakinMudah #TransformasiHukum #HukumUntukSemua #SetahunBerdampak",2025-12-17 00:59:38,1526386245311811584,0,0,0.0,in,2025-12-18T06:37:26.217616,2025-12-18_063726_manual
2001094896447578231,37/ 📑 Reformasi hukum yang dicanangkan pemerintah pusat menemukan bentuk konkretnya di daerah melalui program-program seperti pembentukan Pos Bantuan Hukum di NTT. #KanwilKemenkumNTT #KementerianHukum #LayananHukumMakinMudah #TransformasiHukum #HukumUntukSemua #SetahunBerdampak,2025-12-17 00:59:36,1526386245311811584,0,0,0.0,in,2025-12-18T06:37:26.217616,2025-12-18_063726_manual
2001094888528761047,"17/ 🤲 Yunus menegaskan, capaian ini bukan kerja satu lembaga saja, melainkan hasil kolaborasi erat pemerintah pusat, pemerintah daerah, dan semua mitra terkait. #KanwilKemenkumNTT #KementerianHukum #LayananHukumMakinMudah #TransformasiHukum #HukumUntukSemua #SetahunBerdampak",2025-12-17 00:59:34,1526386245311811584,0,0,0.0,in,2025-12-18T06:37:26.217616,2025-12-18_063726_manual
2001094882627326106,Pemerintah takut kritik dari orang pintar. Rakyat takut negara diurus oleh pejabat yang anti dikritik.,2025-12-17 00:59:33,1251708275596251136,0,0,0.0,in,2025-12-18T06:37:26.217616,2025-12-18_063726_manual
2001094871319527754,@intinyadeh syarat jadi pemerintah itu harus tolol apa gimana,2025-12-17 00:59:30,1447943916192342030,0,0,0.0,in,2025-12-18T06:37:26.217616,2025-12-18_063726_manual
2001094859617431873,"10/ 🤝 Kehadiran Kanwil Kemenkum NTT menjadi wujud dukungan nyata terhadap sinergi antara media, pemerintah, dan pemangku kepentingan dalam mendorong pembangunan hukum yang inklusif. #KanwilKemenkumNTT #KementerianHukum #LayananHukumMakinMudah #TransformasiHukum #HukumUntukSemua",2025-12-17 00:59:27,1526386245311811584,0,0,0.0,in,2025-12-18T06:37:26.217616,2025-12-18_063726_manual
2001094848762536019,"26/ 🧩 Kegiatan Pos Kupang Award 2025 sendiri dihadiri beragam unsur: pemerintah daerah, instansi vertikal, dunia usaha, perguruan tinggi, koperasi, hingga organisasi kemasyarakatan. #KanwilKemenkumNTT #KementerianHukum #LayananHukumMakinMudah #TransformasiHukum #HukumUntukSemua",2025-12-17 00:59:25,1526386245311811584,0,0,0.0,in,2025-12-18T06:37:26.217616,2025-12-18_063726_manual
2001094768663912540,@NenkMonica Minta pertanggungjawaban pejabat pemerintah yg mengijinkan mereka masuk,2025-12-17 00:59:06,742378234436689920,0,0,0.0,in,2025-12-18T06:37:26.217616,2025-12-18_063726_manual
2001094746396352814,@KangManto123 Masih ada banyak di gedung pemerintah belum ditutup terpal.,2025-12-17 00:59:00,1968182162731270144,0,0,0.0,in,2025-12-18T06:37:26.217616,2025-12-18_063726_manual
2001094728570561023,"@NenkMonica semoga benar sampe dicabut & di larang lagi melakukan aktfitas serupa. jika pemerintah & aparat tidak mampu menjaga, bilang & ijinkan saja ke rakyat untuk melakukan tindakan pencegahan sendiri...",2025-12-17 00:58:56,1648088871354376192,0,0,0.0,in,2025-12-18T06:37:26.217616,2025-12-18_063726_manual
2001091208224071703,"@kukusemangka Yg namanya org udh benci apapun yg dilakukan pemerintah akan sll salah dimata pembenci, padal Kerja Nyata pemerintah itu semata-mata untuk kepentingan rakyat, untuk kesejahteraan rakyat #LanjutkanMBG dgn terus berbenah agar pelaksanaan program tersebut makin baik lagi",2025-12-17 00:44:57,1602120735702466560,0,0,0.0,in,2025-12-18T06:37:26.217616,2025-12-18_063726_manual
2001091059917684842,"@MurtadhaOne1 UNICEF Indonesia sudah menerima surat dari Mualem tapi tidak bisa membantu krn tidak ada izin masuk dari pemerintah pusat, jika ijin ada semua lembaga UN dan organisasi luar lain akan langsung mengirimkan bantuan. Pemerintah terburuk sepanjang masa rakyat menderita dibiarkan! 😣",2025-12-17 00:44:21,80260074,0,0,0.0,in,2025-12-18T06:37:26.217616,2025-12-18_063726_manual
2001091019287466011,Rakyat berhak menuntut pemerintah utk menutup PT TPL. Karena pemilik kekuasaan atas bangsa ini adalah rakyat. Kalau anda merasa wakil rakyat tentu anda mendukung aspirasi Masyarakat...,2025-12-17 00:44:12,1246404051807289349,0,0,0.0,in,2025-12-18T06:37:26.217616,2025-12-18_063726_manual
2001090999863664892,Berbagai pihak dan kalangan di Aceh sampai saat ini masih terus mendesak agar Pemerintah Pusat menetapkan status Bencana Nasional. Baca di sini: https://t.co/S6GUh9TBsQ ~TA #Aceh https://t.co/Nu6GZBrosg,2025-12-17 00:44:07,23343960,1,0,1.285549459908533e-07,in,2025-12-18T06:37:26.217616,2025-12-18_063726_manual
2001090965633950160,Kanwil berperan sebagai mitra strategis pemerintah daerah. #KementerianHukum #KanwilKemenkumSulteng #LayananHukumMakinMudah #SetahunBerdampak,2025-12-17 00:43:59,2240340451,0,0,0.0,in,2025-12-18T06:37:26.217616,2025-12-18_063726_manual
2001090922466173009,"@Moniqque___ @godsendgotseven @indepenSumatera ternyata memang semua masalah idup ya ujung2nya salah negara. gw udh ditahap apapun yg terjadi di idup, gak akan nyalahin diri sendiri tapi nyalahin pemerintah. misal pagi aja br bangun msh ngantuk trs kepentok meja kaki gw, yg gw anjingin itu gibran😭",2025-12-17 00:43:49,1291323404528754689,0,0,0.0,in,2025-12-18T06:37:26.217616,2025-12-18_063726_manual
2001090915214221750,@tempodotco Kejadian ini harus jadi pelajaran mahal bagi pemerintah untuk lebih selektif memilih mitra kerja demi keselamatan dan kelancaran program gizi.,2025-12-17 00:43:47,845288452564406273,0,0,0.0,in,2025-12-18T06:37:26.217616,2025-12-18_063726_manual
2001090798344130852,@tempodotco Kami menghargai respon cepat pemerintah namun publik menanti langkah konkret perbaikan standar keselamatan transportasi program agar orang tua siswa merasa tenang.,2025-12-17 00:43:19,999610937316331521,0,0,0.0,in,2025-12-18T06:37:26.217616,2025-12-18_063726_manual
2001090794170802355,Serta pemerintah kabupaten dan kota di Sulawesi Tengah. #KementerianHukum #KanwilKemenkumSulteng #LayananHukumMakinMudah #SetahunBerdampak,2025-12-17 00:43:18,2240340451,0,0,0.0,in,2025-12-18T06:37:26.217616,2025-12-18_063726_manual
2001090725065441614,"@susipudjiastuti @prabowo gua tuntut lu semua di akhirat ya, pemerintah",2025-12-17 00:43:01,1941502826582245376,0,0,0.0,in,2025-12-18T06:37:26.217616,2025-12-18_063726_manual
2001090639057064278,"@tanyarlfes BBoleh lah, maren ud ada yg spill 2 org dateng curhat soal pemerintah",2025-12-17 00:42:41,1832474949325594624,0,0,0.0,in,2025-12-18T06:37:26.217616,2025-12-18_063726_manual
2001090626507694557,"Bawaslu Kabupaten Rote Ndao menghadiri acara pembukaan Pameran Pembangunan dan Festival UMKM HUT NTT ke-67 yang diselenggarakan oleh Pemerintah Provinsi NTT dan Pemerintah Kabupaten Rote Ndao di Jl. Lingkar Lapangan Bola Kaki Christian N. Dillak, Ba'a. https://t.co/dagH0f2BSL",2025-12-17 00:42:38,1121768620340629504,0,0,0.0,in,2025-12-18T06:37:26.217616,2025-12-18_063726_manual
2001090619285103020,@somexthread Kok pemerintah kita ni kebanyakan ngomongnya pada ngacoo siii...,2025-12-17 00:42:36,1752234412690026496,0,0,0.0,in,2025-12-18T06:37:26.217616,2025-12-18_063726_manual
2001090618056171791,"Ini bukan soal 58%, tapi MAYORITAS MASYARAKAT tidak PAKAI 👀 nya, hanya PAKAI 👁 Kami, yg 'DILABELI' covidiot, teori konspirashit, bla3x. Sejak lama kami mempertanyakan kenapa hanya di 🇮🇩 KIPI vaksin gak ada? 🤯 Dan mayoritas percaya pemerintah yg SAMA ini!🤦♂️ @StopPlandemit https://t.co/btktM7CbR2",2025-12-17 00:42:36,1501741769306021890,0,0,0.0,in,2025-12-18T06:37:26.217616,2025-12-18_063726_manual
2001090529212424439,"Untuk mencegah para anak muda mangkir dari Wajib Militer, Pemerintah Junta Myanmar menutup akses bagi setiap orang yang memenuhi syarat untuk Wamil berpergian ke luar Negeri pada bulan Januari 2025 Namun hal ini malah membuat mereka bergabung ke Kelompok Pemberontak",2025-12-17 00:42:15,1501070844432650245,0,0,0.0,in,2025-12-18T06:37:26.217616,2025-12-18_063726_manual
2001090523998916629,"Per Bulan Desember 2025, Pemerintah Junta Myanmar telah melaksanakan gelombang ke 20 para Wajib Militer yang terdiri dari 5000 personil di setiap Gelombangnya. para Wamil ( Pria dan Wanita ) harus berdinas di 3 Matra Militer Myanmar selama 2 tahun",2025-12-17 00:42:14,1501070844432650245,0,0,0.0,in,2025-12-18T06:37:26.217616,2025-12-18_063726_manual
2001083576830562384,@hrdbacot loh MU masih butuh pemerintah ya? kirain cuma NU 😗,2025-12-17 00:14:37,1214397370818936833,0,0,0.0,in,2025-12-18T06:37:26.217616,2025-12-18_063726_manual
2001083415656112369,@RealDhyra Minta tolong ke power rangers aja jgn ke pemerintah,2025-12-17 00:13:59,1059009758634471424,0,0,0.0,in,2025-12-18T06:37:26.217616,2025-12-18_063726_manual
2001083321023975539,"@Loveinloveyz Bener.. megawati emang sejahat itu, tp dia tau daripada dikorup sama pemerintah kedepannya, mending dijual murah. Gitu kali ya? Kan ga ada manfaat apapun buat rakyat juga",2025-12-17 00:13:36,373398323,0,0,0.0,in,2025-12-18T06:37:26.217616,2025-12-18_063726_manual
2001083288182542463,"@ConversationIDN Itu hutan lho, masak pemerintah nggak tahu sih kalo ada penebangan hutan ? Aneh banget.",2025-12-17 00:13:28,3617239110,0,0,0.0,in,2025-12-18T06:37:26.217616,2025-12-18_063726_manual
2001083253294497937,"Penjelasan Singkatan Petugas Haji TPHD -- Tim Pemandu Haji Daerah Petugas yang ditugaskan oleh pemerintah daerah untuk mendampingi jamaah dari daerahnya. Perannya mirip TPHI, tetapi fokus pada pembinaan dan pendampingan jamaah asal daerah tersebut.",2025-12-17 00:13:20,732263036,0,0,0.0,in,2025-12-18T06:37:26.217616,2025-12-18_063726_manual
2001083243936858186,"@todel_liot @Dandhy_Laksono @IndoPopBase Donasi besar dr rakyat tu ga wajib, tapi jadi wajib krna pemerintah ga becus makanya terkumpul banyak bgt. Harusnya pemerintah jgn mau kalah sama para donatur2, masa duit mereka lebih banyak bisa kalah sama donatur dr rakyat jelata? Wkwkwk",2025-12-17 00:13:18,1569841010037104640,0,0,0.0,in,2025-12-18T06:37:26.217616,2025-12-18_063726_manual
2001083236953329888,@afrizal_rustan @HeyyAmir @Marchfoward Tdk ada masyarakat yg menganggap bantuan luar lebih besar dri bantuan pemerintah.,2025-12-17 00:13:16,1654147256495517697,0,0,0.0,in,2025-12-18T06:37:26.217616,2025-12-18_063726_manual
2001083131437137923,"Sudah ditahap kebijakan yang dibuat pemerintah dan negara berpengaruh terhadap kesehatan mental, saat ini ekonomi sulit, banyak yg memutuskan menunda banyak hal, lambatnya respon trhdp bencana sumatera jadi nightmare bagi sebagian orang. This WNI 😔",2025-12-17 00:12:51,1604403111920996352,0,0,0.0,in,2025-12-18T06:37:26.217616,2025-12-18_063726_manual
2001083090379395213,@haollywood @scuntderia skripsi tidak ramah lingkungan!!! mendukung agenda pemerintah untuk penggundulan hutan terus menerus,2025-12-17 00:12:41,1924439315935113217,0,0,0.0,in,2025-12-18T06:37:26.217616,2025-12-18_063726_manual
2001083071576113573,Bahkan pemerintahan @prabowo melalui #Mendagri memblokir bantuan yg akan dikirimkan oleh #UNDP dan #UNICEF ke #Aceh. Meskipun permintaan muallem disetujui #UN #PBB bantuan tersebut ditolak pemerintah. *Pertanyaannya ada suatu kejahatan yg disembunyikan kah ?! https://t.co/MQ0Snh8Zqt,2025-12-17 00:12:37,1391100104,0,0,0.0,in,2025-12-18T06:37:26.217616,2025-12-18_063726_manual
2001082987543445526,"@indepenSumatera Itu yg dateng ke psikolog, wni yg stress krn pemerintah banyak bgt, termasuk aing haha",2025-12-17 00:12:17,405420582,0,0,0.0,in,2025-12-18T06:37:26.217616,2025-12-18_063726_manual
2001082932505796637,"@somexthread Pemerintah pake duit rakyat buat bangun pesantren pribadi, ga pake ijin dulu, layak dipenjara sih..",2025-12-17 00:12:04,222744911,0,0,0.0,in,2025-12-18T06:37:26.217616,2025-12-18_063726_manual
2001082920283300045,"muak bgt baca berita pemerintah, kaga ada yg bagus jir",2025-12-17 00:12:01,1069024545573548032,0,0,0.0,in,2025-12-18T06:37:26.217616,2025-12-18_063726_manual
2001082747440222241,"@samyancg @ein_blauervogel @psp_iraz Iya ya, klo dinegara luar ada ternyata aturan yg memanusiakan manusia. Krn seringnya dikibulin pemerintah, ngeliat aturan yg manusiawi lgsg takjub. Padahal itu bare minimum kebijakan pemerintah 😐",2025-12-17 00:11:19,1885728266998419456,0,0,0.0,in,2025-12-18T06:37:26.217616,2025-12-18_063726_manual
2001082735834882237,"@mulberrymurbeii @sosmedkeras tapi pesantren dapet dana dari pemerintah besar. ini yg kena bencana akibat ulah manusia juga, dapet engga?",2025-12-17 00:11:17,173447449,0,0,0.0,in,2025-12-18T06:37:26.217616,2025-12-18_063726_manual
2001082642595479781,Media digital menjadi kanal utama komunikasi pemerintah. #KementerianHukum #KanwilKemenkumSulteng #LayananHukumMakinMudah #SetahunBerdampak,2025-12-17 00:10:54,2240340451,0,0,0.0,in,2025-12-18T06:37:26.217616,2025-12-18_063726_manual
2001082633431007547,"@BBCIndonesia tunjukkanlah MAP/LISTING dimana-mana Pemerintah telah menyentuh tempat banjir sumatera. Jadi bisa kelihatan @prabowo @DPR_RI @KemensosRI Sebagai informasi terbuka dan audit dari masyarakat Indoenesia. Apalagi statment Presiden yg yakin dengan kemampuannya, tapi dilapangan beda",2025-12-17 00:10:52,272310510,0,0,0.0,in,2025-12-18T06:37:26.217616,2025-12-18_063726_manual
2001076151968784482,Bantuan Pakai Montor Mabur Kata Pak Timbul ? Fakta Rakyat Korban Berjalan Kaki Jauh Untuk Menerima Bansos Pemerintah,2025-12-16 23:45:07,1454008204027854853,0,0,0.0,in,2025-12-18T06:37:26.217616,2025-12-18_063726_manual
2001076143156552060,"@yusuf_dumdum Lahhh baru 4, ada yang kurang lebih menginjak 1000 korban aja santai, mungkin pemerintah mikirnya ""rakyat biasa susah, masa ditambah susah sedikit lagi nggak mampu?"" Gitu kali ya?",2025-12-16 23:45:05,2186482597,0,0,0.0,in,2025-12-18T06:37:26.217616,2025-12-18_063726_manual
2001076093177270635,"wtf, sok sokan nolak bantuan dr luar tp bantuan dr pemerintah cuma secuil anjir apa apaan si",2025-12-16 23:44:53,1231854103849865216,0,0,0.0,in,2025-12-18T06:37:26.217616,2025-12-18_063726_manual
2001075973073129806,Menteri Ketenagakerjaan (Menaker) Yassierli menyebut Peraturan Pemerintah (PP) yang mengatur kenaikan upah minimum sudah ditandatangani Presiden Prabowo Subianto pada Selasa (16/12/2025). Baca di sini: https://t.co/kpsZkajPw0 ~TA #Prabowo #UMP #PeraturanPemerintah https://t.co/OaTl3SiMwM,2025-12-16 23:44:24,23343960,0,0,0.0,in,2025-12-18T06:37:26.217616,2025-12-18_063726_manual
2001075933181305316,@malfis27 @netizenjulied @SyaefulOfficial @Zeefire02 @prabowo @jokowi hah melalui pemerintah 🤣🤣🤣..congkak bego klop banget.,2025-12-16 23:44:15,1057532150168338433,0,0,0.0,in,2025-12-18T06:37:26.217616,2025-12-18_063726_manual
2001075833343967336,#wargabantuwarga nanti kl dah pulih tinggal pemerintah ngeklaim bisa menangani bencana,2025-12-16 23:43:51,116199777,0,0,0.0,in,2025-12-18T06:37:26.217616,2025-12-18_063726_manual
2001075636647907804,انـــا لـــلـــه وانـــا الـــيـــه راجـــعـــون Ternyata benar² @KemensetnegRI pemerintah akan membunuh rakyat @Aceh benarkah WOK @prabowo ? @KemensosRI ? @UN @CIJ_ICJ @AJEnglish @BBC @CNN @muhammadiyah @DPP_PKB @cakimiNOW piye iki ?,2025-12-16 23:43:04,1707687349,0,0,0.0,in,2025-12-18T06:37:26.217616,2025-12-18_063726_manual
2001075578762616912,"Gerak cepat pemerintah dalam menyambung akses di Aceh kini nyata terlihat, Seskab Teddy menunjukkan tayangan video jembatan yang rampung dibangun, menjadi penghubung vital bagi masyarakat. https://t.co/EwG9JObiWG",2025-12-16 23:42:50,2437794487,0,0,0.0,in,2025-12-18T06:37:26.217616,2025-12-18_063726_manual
2001075543198908744,"@Eris_Markov Gada makasih, cuma minta uang aja kek pemerintah",2025-12-16 23:42:42,1712873627782467584,0,0,0.0,in,2025-12-18T06:37:26.217616,2025-12-18_063726_manual
2001075443513090337,"@tanyarlfes Make sense sih, kalau di sini kan ada istilah ""standar tiktok"" Sebelum itu terjadi lebih jauh di banned. Keren ya kalau pemerintah nya beneran kerja bukan cuman keliatan kerja",2025-12-16 23:42:18,1945759781601632256,0,0,0.0,in,2025-12-18T06:37:26.217616,2025-12-18_063726_manual
2001075427528601745,"Seskab Teddy mengungkap bahwa pemerintah telah mengirim sebanyak 1.000 alat berat ke daerah-daerah terdampak bencana. Alat berat tersebut meliputi truk, ekskavator, tangki air bersih, dan air minum. https://t.co/7ZhB9jEloe",2025-12-16 23:42:14,2437794487,0,0,0.0,in,2025-12-18T06:37:26.217616,2025-12-18_063726_manual
2001075321424986306,Korban banjir Aceh Tamiang yang masih terisolir : kami tak dapat makan kalo bukan dari relawan. bukti pemerintah tidak hadir! https://t.co/0YP22fPcue,2025-12-16 23:41:49,1970364492472291328,0,0,0.0,in,2025-12-18T06:37:26.217616,2025-12-18_063726_manual
2001075312076197952,"@BangPino__ Salah satu gunanya AI, ya seperti ini, membongkar kebusukan pemerintah.",2025-12-16 23:41:47,1879335262226108416,0,0,0.0,in,2025-12-18T06:37:26.217616,2025-12-18_063726_manual
2001075297022828546,"oy pemerintah kontol, lu liat nih udah 3 kereta lewat ttp numpuk gabisa masuk, minimal turun dr alphard lu, rasain telat masuk kerja gara2 transportnya full semua https://t.co/0qXohmqA3A",2025-12-16 23:41:43,1444690045584084996,0,0,0.0,in,2025-12-18T06:37:26.217616,2025-12-18_063726_manual
2001075224125620337,@tanyarlfes Jgn stress ya diri ini denger opini dan kebijakan pemerintah makin ngawur,2025-12-16 23:41:26,1702333812603240448,0,0,0.0,in,2025-12-18T06:37:26.217616,2025-12-18_063726_manual
2001075211870069026,gada hari tanpa w misuhin pemerintah prabowo goblok,2025-12-16 23:41:23,1255827224810278912,0,0,0.0,in,2025-12-18T06:37:26.217616,2025-12-18_063726_manual
2001075166428979701,@indepenSumatera pemerintah pgn bgt gw blender,2025-12-16 23:41:12,1344602456768958464,0,0,0.0,in,2025-12-18T06:37:26.217616,2025-12-18_063726_manual
2001072126594580502,@menajiskan hy pemerintah,2025-12-16 23:29:07,1364480516095832064,0,0,0.0,in,2025-12-18T06:37:26.217616,2025-12-18_063726_manual
2001072085352030475,@IDNPict Mestinya yang bersalah dihukum. Kesannya Pemerintah tidak memiliki kendali sama sekali.,2025-12-16 23:28:57,1419466702333517824,0,0,0.0,in,2025-12-18T06:37:26.217616,2025-12-18_063726_manual
2001072039348855200,"Jangan sampai Pemerintah Pusat tahu, STY kan warga Korsel. Bantuan asing dilarang.",2025-12-16 23:28:46,181156564,0,0,0.0,in,2025-12-18T06:37:26.217616,2025-12-18_063726_manual
2001072009883881793,"Kirim 19 truk bantuan kemanusiaan untuk Sumatra, Menko AHY: Kolaborasi pemerintah dan dunia usaha. AHY Peduli PD Reforestasi https://t.co/6LBHaSkDUD",2025-12-16 23:28:39,1965926783347494913,0,0,0.0,in,2025-12-18T06:37:26.217616,2025-12-18_063726_manual
2001071963201265764,Pemerintah banci https://t.co/5fh04LwPk6,2025-12-16 23:28:28,1605961896485867522,0,0,0.0,in,2025-12-18T06:37:26.217616,2025-12-18_063726_manual
2001071949141737586,@dialogsenja__ Pemerintah 🤡,2025-12-16 23:28:25,193999112,0,0,0.0,in,2025-12-18T06:37:26.217616,2025-12-18_063726_manual
2001071871488311764,@bangherwin kalo kaya gini lebih banyak galang dana ferry irwandi daripada dari pemerintah,2025-12-16 23:28:06,1148825121903149057,0,0,0.0,in,2025-12-18T06:37:26.217616,2025-12-18_063726_manual
2001071733164663122,"Bertajuk Membingkai Warisan, Menghidupkan Masa Depan, anugerah ini diberikan kepada pemerintah daerah yang berperan aktif dalam pelestarian WBTbI, sekaligus menjadi agenda tahunan sebagai momentum penegasan komitmen pemerintah dalam menjaga keberlanjutan identitas budaya bangsa. https://t.co/TyKsWcMTkn",2025-12-16 23:27:33,949184846,0,0,0.0,in,2025-12-18T06:37:26.217616,2025-12-18_063726_manual
2001071214702551061,Buka x isinya cuma buat maki2 pemerintah,2025-12-16 23:25:30,1183242982369058818,0,0,0.0,in,2025-12-18T06:37:26.217616,2025-12-18_063726_manual
2001071099107532992,Siapa si pemilik gelondongan kayu itu? Pemerintah mau2an disuruh jd boneka dia wkwk. Dibayar berape?,2025-12-16 23:25:02,1168174022594416640,0,0,0.0,in,2025-12-18T06:37:26.217616,2025-12-18_063726_manual
2001070494674735203,Pgn baca baca di X yg lewat isinya berita pemerintah konyol yang bkin energi terkuras😭,2025-12-16 23:22:38,1189199452155736064,0,0,0.0,in,2025-12-18T06:37:26.217616,2025-12-18_063726_manual
2001070492837376428,@tanyarlfes Jadii buzer bukan pemerintah kaya hype product launching sama pas event tgl kembar if u have lots of acc sosmed wort it dulu sebulan aku bisa tembus 300-500k,2025-12-16 23:22:38,1138771247095898113,0,0,0.0,in,2025-12-18T06:37:26.217616,2025-12-18_063726_manual
2001070283940061624,"udah gatel ga bs nahan buat ga riple. udahlah anti agama, ini malah kesannya pro pemerintah. emang ga waras aja. https://t.co/ftzoo5j8OX",2025-12-16 23:21:48,104410124,0,0,0.0,in,2025-12-18T06:37:26.217616,2025-12-18_063726_manual
2001070178990186863,@pln_123 @KemenkeuRI @prabowo min yg ditanyakan knp PLN tidak mendukung program pemerintah terkait pembayaran menggunakan qris? PLN kan BUMN? jgn ngeles !,2025-12-16 23:21:23,1603519410584817665,0,0,0.0,in,2025-12-18T06:37:26.217616,2025-12-18_063726_manual
2001070147369308437,"@pugutrigi8 Sumpah gw liatnya udah kayak di Gaza dan pemerintah zionisnya. May they rot in hell, moga di neraka sono pada keselek pohon sawit",2025-12-16 23:21:15,88831607,1,0,0.0048543689320388345,in,2025-12-18T06:37:26.217616,2025-12-18_063726_manual
2001060917656572054,@indepenSumatera pemda termasuk pemerintah juga kan?,2025-12-16 22:44:35,1686333533454036993,0,0,0.0,in,2025-12-18T06:37:26.217616,2025-12-18_063726_manual
2001060775738081593,@sukabgtzyupi @tanyarlfes bener bener pemerintah dongo ya gini,2025-12-16 22:44:01,1541265893552197632,0,0,0.0,in,2025-12-18T06:37:26.217616,2025-12-18_063726_manual
2001060723389251950,"@blaugrana1O Teu kudu nanya AI nu kieu mah, basic pisan, emang pemerintah ayeuna teu ngarti Kitu?",2025-12-16 22:43:49,157852012,0,0,0.0,in,2025-12-18T06:37:26.217616,2025-12-18_063726_manual
2001060610054803692,@JackVardan Dampak dari bencana masih berlangsung hingga saat ini yaitu kelaparan masal dari para korban yg belum tersentuh bantuan dari pemerintah krn lambatnya penanganan,2025-12-16 22:43:22,1108149971625218049,0,0,0.0,in,2025-12-18T06:37:26.217616,2025-12-18_063726_manual
2001060588101980411,"jauh lebih tampan the suicide squad ke mana-mana, dari awal isinya orang gak jelas, sampe pelmnya abis tetep berandalan, ngebongkar kebusukan pemerintah, nge-blackmail amanda waller, terus bubarin tim, kabur masing-masing gak kayak ayam sayur.",2025-12-16 22:43:16,65526836,0,0,0.0,in,2025-12-18T06:37:26.217616,2025-12-18_063726_manual
2001060463447302480,"@yappingfess mau hujat pemerintah, ntar ditangkep lagi awokkawok",2025-12-16 22:42:47,1635554616036462594,0,0,0.0,in,2025-12-18T06:37:26.217616,2025-12-18_063726_manual
2001060397605118359,@dialogsenja__ Pemerintah durjana,2025-12-16 22:42:31,67595121,0,0,0.0,in,2025-12-18T06:37:26.217616,2025-12-18_063726_manual
2001060304227323980,semoga kelak 4 tahun yg akan mendatang.. jgn salah pilih calon presiden dan wapres.. udah stop muak dg kebijakan pemerintah skrg.. apes bgt tahun ini gmn tahun yg akan datang,2025-12-16 22:42:09,1613755825696440326,0,0,0.0,in,2025-12-18T06:37:26.217616,2025-12-18_063726_manual
2001060242453672194,"Si kk lagi ketagihan nonton physical asia. Pas indo kalah, dia sedih. 🧒bunda, kenapa indonesia noob? 😭 🧕ya gimana ya, segitu jg udah bagus. Indonesia atlet2nya ga didukung pemerintah jd sulit bgt buat berkembang 🫠 🧒(proceed grieving)",2025-12-16 22:41:54,347592468,0,0,0.0,in,2025-12-18T06:37:26.217616,2025-12-18_063726_manual
2001060235684012511,"@tanyarlfes Jd pengangguran stres tp kerja jg capek bgt anyingg, hidup jadi wni sengsara bgt gara² pemerintah bangsattt Cari duit susah cari jodoh apalagi, gini amat hidupp 😭😭",2025-12-16 22:41:52,888035625118474240,0,0,0.0,in,2025-12-18T06:37:26.217616,2025-12-18_063726_manual
2001060212510429226,"Atlet tenis Indonesia Justin Barki, yang sukses meraih medali emas beregu putra pada SEA Games 2025 di Thailand, memutuskan menyumbangkan seluruh bonus penghargaan sebesar Rp1 miliar dari pemerintah untuk membantu korban banjir di Sumatera Utara. https://t.co/1nO9smOW6z",2025-12-16 22:41:47,272310510,0,0,0.0,in,2025-12-18T06:37:26.217616,2025-12-18_063726_manual
2001060139051442452,"@kangtidur__ Mohon maaf Kak, apakah pernah melihat besarnya antusiasme d semangat anak anak yg menerima MBG? Persoalan yang terjadi terus diperbaiki dengan Kerja Nyata oleh pemerintah dan BGN, kedepannya #LanjutkanMBG harus bisa menjangkau seluruh Indonesia hingga ke wilayah 3T.",2025-12-16 22:41:29,1375063568517791746,0,0,0.0,in,2025-12-18T06:37:26.217616,2025-12-18_063726_manual
2001060075201511767,"@senjakelam07 Sejak awal bencana dan keengganan pemerintah menetapkan status bencana nasional, IBHRS sudah mengulik ada apa gak mau netapkan?",2025-12-16 22:41:14,77654478,0,0,0.0,in,2025-12-18T06:37:26.217616,2025-12-18_063726_manual
2001060039671603708,"@kompascom Maju pak mahfuuddd 😭😭😭 pemerintah saat ini pada ga beress, Bismillah pak mahfud orang jujur 🙏🏻🙏🏻",2025-12-16 22:41:06,1551603705564184576,0,0,0.0,in,2025-12-18T06:37:26.217616,2025-12-18_063726_manual
2001059852601163965,@cutsarina5 Parah sih.pemerintah pungo,2025-12-16 22:40:21,893228297085100032,0,0,0.0,in,2025-12-18T06:37:26.217616,2025-12-18_063726_manual
2001059790848413884,Btw ini bisa jd ragebaiter buat pemerintah biar mereka gak mau kalah terus bikinin huntara juga 😃,2025-12-16 22:40:06,1171111675,0,0,0.0,in,2025-12-18T06:37:26.217616,2025-12-18_063726_manual
2001059773513654521,Menteri Dalam Negeri (Mendagri) Tito Karnavian blak-blakan soal peluang penambahan anggaran pemerintah daerah (pemda) pada 2026 mendatang. #MERONA4D https://t.co/yJ0MEovd5b,2025-12-16 22:40:02,1929304395788996608,0,0,0.0,in,2025-12-18T06:37:26.217616,2025-12-18_063726_manual
2001057130023977093,"@Answar29 @lilaccountz Untuk menghentikan MBG tentunya keputusan pemerintah, tapi kita juga harus melihat manfaat program tersebut dan Kerja Nyata yang terus dilakukan untuk mewujudkan #LanjutkanMBG yang semakin baik dan berkualitas tanpa ada lagi persoalan.",2025-12-16 22:29:32,921119965,0,0,0.0,in,2025-12-18T06:37:26.217616,2025-12-18_063726_manual
2001057105122402599,"@ProjectsMayhem Awali pagi dengan mengumpati pemerintah, shibal, shibal, shibal, udah cocok jadi Rebel belum? https://t.co/CInGaQKHm1",2025-12-16 22:29:26,1662659824805621762,0,0,0.0,in,2025-12-18T06:37:26.217616,2025-12-18_063726_manual
2001056893385507129,"@kitabisacom Small thing big impact! Coba menu makannya bagiin jg ke pemerintah pusat, biar sama cara berfikirnya..bukan cuma mikir perut sendiri.",2025-12-16 22:28:35,67595121,0,0,0.0,in,2025-12-18T06:37:26.217616,2025-12-18_063726_manual
2001056831268118897,Bisa ga pemerintah-yang katanya 'mampu' itu-sekadar bikin update kinerja dengan design simpel namun ttp informatif & ttp enak dibaca kyk gini? Kalo beneran kerja harusnya bisa sih 😗💅,2025-12-16 22:28:21,1511205926287544328,0,0,0.0,in,2025-12-18T06:37:26.217616,2025-12-18_063726_manual
2001056653752590502,"Selamat ya 😍 *untuk ke depannya tolong pemerintah/pihak berwenang dalam hal olahraga untuk semua cabor dibiayai & difasilitasi dengan layak, jangan cuma apa2 sepak bola ❤",2025-12-16 22:27:38,1010202179355807744,0,0,0.0,in,2025-12-18T06:37:26.217616,2025-12-18_063726_manual
2001056586874364404,capek banget liat pemerintah... tapi lebih capek lagi korban-korbannya,2025-12-16 22:27:22,1298561618041683971,0,0,0.0,in,2025-12-18T06:37:26.217616,2025-12-18_063726_manual
2001055642564329789,"2 pemandangan indah pas aku jalan ke toko pagi ini. Hal biasa as a Warga Tangsel. -Pengen foto awan yg cantik, tapi kehalang kabel -Tetangga ku nambal jalan (nunggu pemerintah ya kelamaan, keburu warga pada kesandung) . Ngga nemu akun Tangsel, nitip kamu aja ya tang @txtdaritng https://t.co/hhB3yemW7S",2025-12-16 22:23:37,1476181615315275776,0,0,0.0,in,2025-12-18T06:37:26.217616,2025-12-18_063726_manual
2001055616102752306,"Kenapa ya pemerintah perkataannya selalu nyakitin, rasanya ga nyambung sama perasaan rakyat. Selalu curiga, selalu nuduh asing ikut campur. Itu bukan campur tangan itu kemanusiaan karena pemerintah lambat. Rakyat kelaparan dan terisolasi. Ini soal kemanusiaan, bukan politik pak https://t.co/q1uwECZtT5",2025-12-16 22:23:31,1618643439486394370,0,0,0.0,in,2025-12-18T06:37:26.217616,2025-12-18_063726_manual
2001055476927357028,"@bestinformm Wkwkwkwk, iyaa dijajah pemerintah emg dari dulu sebenernya",2025-12-16 22:22:58,1832687872820015104,0,0,0.0,in,2025-12-18T06:37:26.217616,2025-12-18_063726_manual
2001055027998417245,@detikcom Semoga siswa yang menjadi korban tertabrak mobil MBG bisa segera sembuh dan kembali bersekolah. Langkah evakuasi dan Kerja Nyata perbaikan yang terus dilakukan oleh pemerintah harus kita dukung untuk menciptakan #LanjutkanMBG yang semakin baik,2025-12-16 22:21:11,1372382450878275593,0,0,0.0,in,2025-12-18T06:37:26.217616,2025-12-18_063726_manual
2001054867549512128,@MurtadhaOne1 Toxic bangettt bangetttt ini pemerintah kita😭😭,2025-12-16 22:20:32,1579783352768352256,0,0,0.0,in,2025-12-18T06:37:26.217616,2025-12-18_063726_manual
2001054720790814969,"Berita bikinan macam apa ini? Bohong banget kalo pemerintah berani begini ke cina, orang kenyataan di lapangan kayak di morowali, dll aja banyak banget pekerja ilegal cina yg digaji tinggi. Pemerintah kan kacungnya cina, tiba2 rilis berita begini. Ga percaya gw lah...",2025-12-16 22:19:57,755418295,0,0,0.0,in,2025-12-18T06:37:26.217616,2025-12-18_063726_manual
2001054713736020103,"@MurtadhaOne1 Kalau pemerintah diam aja,aparat ikut bermain , memang baik nya rakyat saja yg bergerak.",2025-12-16 22:19:56,1641675012984938496,0,0,0.0,in,2025-12-18T06:37:26.217616,2025-12-18_063726_manual
2001054694727409687,"2100 itu yg tenggelam bukan jkt jir, seindonesia. gila si setan-setan pemerintah tuh, babat sana sini even pulau kecil? siksa mereka ya Allah and the voters tooooo",2025-12-16 22:19:51,2822492185,0,0,0.0,in,2025-12-18T06:37:26.217616,2025-12-18_063726_manual
2001054420969369607,"Iya marah aja. Kita juga marah. Biar citra negara ini jelek sekalian. Kalo pemerintah negara kita berkunjung ke negara kalian, lempar aja pake telor busuk.",2025-12-16 22:18:46,140039542,0,0,0.0,in,2025-12-18T06:37:26.217616,2025-12-18_063726_manual
2001054217889366377,@cagubnyinyir2 @zoelfick @Hari__Prasetyo @Epricila10 @AndriDesvianto Pasti itu hoaks yang jadi konsumsi oposisi dan kaum anti pemerintah,2025-12-16 22:17:57,1118228221231636480,0,0,0.0,in,2025-12-18T06:37:26.217616,2025-12-18_063726_manual
2001053472775356614,"Tapi ada negatifnya jg, skill IELTS bakal lambat berkembang. Tapi, ini agak tricky periode sekarang. Mengingat pemerintah jg lagi buka opportunity ke Eropa juga buat pekerja unskilled dengan modal Bahasa Inggris dan jg bakal ada pelatihan2.",2025-12-16 22:15:00,815468746387181568,0,0,0.0,in,2025-12-18T06:37:26.217616,2025-12-18_063726_manual
2001053401086398868,"moots mmf ya selain post rosblok aku juga akan memaki maki pemerintah disini, unfoll aja kalau ga nyaman. thankies!",2025-12-16 22:14:43,1998001681645391872,0,0,0.0,in,2025-12-18T06:37:26.217616,2025-12-18_063726_manual
2001053390563107257,"@romiemocka @adesukmaaa MBG yang katanya adalah program sampah, tetapi bisa membawa semangat anak Indonesia dan memberikan manfaat bagi masyarakat. Pemerintah dan BGN terus melakukan Kerja Nyata perbaikan untuk mewujudkan #LanjutkanMBG yang terbaik dan tidak ada lagi menimbulkan persolan.",2025-12-16 22:14:40,1372382450878275593,0,0,0.0,in,2025-12-18T06:37:26.217616,2025-12-18_063726_manual
2001053386876313622,@yoghurmt Emang pemerintah sini pernah pinter yaa,2025-12-16 22:14:39,1205298399664197632,0,0,0.0,in,2025-12-18T06:37:26.217616,2025-12-18_063726_manual
2001053195024396710,"@DPP_PKB @ninikwafiroh Kata pemerintah mampu, tapi nyatanya..",2025-12-16 22:13:54,429139679,0,0,0.0,in,2025-12-18T06:37:26.217616,2025-12-18_063726_manual
2001052167642464315,@PolitisiTidurr @ARSIPAJA Pemerintah ni ngeselinnya ngelebihi babi Animal Farm.,2025-12-16 22:09:49,817431420016570368,0,0,0.0,in,2025-12-18T06:37:26.217616,2025-12-18_063726_manual
2001051896937930906,"@sharpandshark Pemerintah yg harus nya no 1 yg menolong, karna dia lah yg paling banyak makan hutan nya.",2025-12-16 22:08:44,1841343066906710016,0,0,0.0,in,2025-12-18T06:37:26.217616,2025-12-18_063726_manual
2001051796312301909,"Kalau dipikir-pikir, Allah tuh sangat mendengar doa kita yang udah bener2 muak dengan kedzoliman pemerintah ini. Nggak bermaksud utk mensyukuri kejadian bencana ini, tp ini tuh jadi trigger utk berjuang menuntut mereka yang abai. Nepal, Bulgaria aja berani, Indonesia kapan?",2025-12-16 22:08:20,142689529,0,0,0.0,in,2025-12-18T06:37:26.217616,2025-12-18_063726_manual
2001051546663170265,Belum pernah sekesel ini sama pemerintah ya allah. Beneran antikritik dan NPD bgt.,2025-12-16 22:07:21,1242309536897044480,0,0,0.0,in,2025-12-18T06:37:26.217616,2025-12-18_063726_manual
2001051456498282849,"Sinergi Lintas Sektor, Negara Hadir Penuh Layani Natal dan Tahun Baru Jakarta -- Polri bersama TNI, kementerian, lembaga, serta pemerintah daerah memperkuat sinergi dalam pengamanan dan pelayanan perayaan Natal 2025 dan Tahun Baru 2026. https://t.co/JUv29py8GQ",2025-12-16 22:06:59,1182976229210607616,0,0,0.0,in,2025-12-18T06:37:26.217616,2025-12-18_063726_manual
2001051089131725088,@detikcom Bencana terjadi karena ulah pemerintah dan para oligarki termasuk pers presiden makanya gak ada namanya bencana nasional mana ada aibnya mau dibuka?,2025-12-16 22:05:32,141001653,0,0,0.0,in,2025-12-18T06:37:26.217616,2025-12-18_063726_manual
2001051020328345778,"@salam4jari DPR dan pemerintah pusat kyk tai, bau busuk",2025-12-16 22:05:15,951952690111594496,0,0,0.0,in,2025-12-18T06:37:26.217616,2025-12-18_063726_manual
2001050896139178056,@PikamonID Pemerintah negara ini jangan bodoh dan dzolim,2025-12-16 22:04:46,3293840340,0,0,0.0,in,2025-12-18T06:37:26.217616,2025-12-18_063726_manual
2001050762579992783,"Perbanyak doa terus ya gaes terutama buat pemerintah dzolim kaya gitu biar kena karmanya. Kita engga tau doa mana yang bakal terwujud, tapi jangan berhenti berdoa sekaligus berdoa yang terbaik buat Sumatera semoga semakin membaik dan stabil. Tolong saling jaga terus 🥹🫶🏻",2025-12-16 22:04:14,1517188233662107659,0,0,0.0,in,2025-12-18T06:37:26.217616,2025-12-18_063726_manual
2001050533348708399,"Kayaknya Mendagri mencium gelagat disintegrasi karena rasa kekecewaan atas perhatian pemerintah terhadap korban bencana. Upaya yang harus dilakukan pemerintah harus berani bersih-bersih, dari penegakkan hukum secara tegas bagi korporasi yang nakal beserta pembacking mereka",2025-12-16 22:03:19,1412790930520690689,0,0,0.0,in,2025-12-18T06:37:26.217616,2025-12-18_063726_manual
2001050038395437397,daripada lu hate aktris mending lu hate pemerintah anjing,2025-12-16 22:01:21,1477767586423005190,0,0,0.0,in,2025-12-18T06:37:26.217616,2025-12-18_063726_manual
2001049804382826764,@dusrimulya Undang undang Peraturan pemerintah Peraturan presiden Peraturan menteri PerATURan SENDIRI,2025-12-16 22:00:25,41781187,0,0,0.0,in,2025-12-18T06:37:26.217616,2025-12-18_063726_manual
2001042100402708752,@librengage tanam sawit di mulut e pemerintah siji²,2025-12-16 21:29:48,1989182732262600704,0,0,0.0,in,2025-12-18T06:37:26.217616,2025-12-18_063726_manual
2001041975810908244,@egijapan Bisa2 konsultasi ke psikolog gara2 kebanyakan liat berita kelakuan pemerintah.. Kesal tapi tak berdaya kang,2025-12-16 21:29:19,1597409694607605760,0,0,0.0,in,2025-12-18T06:37:26.217616,2025-12-18_063726_manual
2001041630435176698,"@indepenSumatera mama ku tiap hr curhat ke aku dan menumpahkan kekesalan mama terhadap pemerintah ke aku krn kelangkaan gas, biaya pendidikan mahal, biaya pangan dan makan mahal, mati listrik, apa"" di persulit 😭😭😭😭 ya Allah sehatkanlah mental WNI",2025-12-16 21:27:56,1425777997060079617,0,0,0.0,in,2025-12-18T06:37:26.217616,2025-12-18_063726_manual
2001041282060431506,"2026 harusnya ganti pemerintah sama ganti rakyat jir, stress semua, pemerintah goblok",2025-12-16 21:26:33,1918294724643045379,1,0,0.5,in,2025-12-18T06:37:26.217616,2025-12-18_063726_manual
2001040811237236781,"@ARSIPAJA Banjir Bandang & Tanah Longsor di Sumatera Barat, Sumatera Utara & Aceh, merupakan KEGAGALAN PEMERINTAH MEGELOLA, MENJAGA & MEMELIHARA HUTAN!!!📌📌📌📌",2025-12-16 21:24:41,1831597288755752960,0,0,0.0,in,2025-12-18T06:37:26.217616,2025-12-18_063726_manual
2001040196750410158,Aceh jg pelan-pelan pulih bukan karna peran pemerintah. Banyakan bantuan dr masyarakat ini mah,2025-12-16 21:22:15,1807758449671065600,0,0,0.0,in,2025-12-18T06:37:26.217616,2025-12-18_063726_manual
2001039865040003072,"Ujian ganti puasa gua kali ini bukan haus atau laper, TAPI PEMERINTAH. SUMPAH YA MEREKA NI MANCING MANCING ORANG BUAT NGOMONG KASARRRRRR",2025-12-16 21:20:56,1290618755236544512,0,0,0.0,in,2025-12-18T06:37:26.217616,2025-12-18_063726_manual
2001039857423147419,Pemerintah mana bisa mikir sampai sejauh ini,2025-12-16 21:20:54,1309084917461024770,0,0,0.0,in,2025-12-18T06:37:26.217616,2025-12-18_063726_manual
2001039074363064408,"@Bekti_Umani @__PASMANTAP @jokowi Berdasarkan analisis gambar dan sumber resmi seperti biografi Jokowi serta konfirmasi dari situs pemerintah dan media seperti Komdigi, wanita di foto itu sesuai dengan Iriana, istri Jokowi. Mereka menikah pada 24 Desember 1986 di Solo. Meski ada perdebatan, bukti resmi menyatakan",2025-12-16 21:17:47,1720665183188922368,0,0,0.0,in,2025-12-18T06:37:26.217616,2025-12-18_063726_manual
2001038737808220180,"@KompasTV Rakyat Indonesia lebih kuat lagi, Pak. Mampu mengatasi bencana alam dgn swadaya, auto pilot, bergerak bersama tanpa menunggu pemerintah. Sekarang rakyat membantu rakyat, masyarakat bekerja bersama. Bantuan lebih cepat diterima tanpa melalui pemerintah.",2025-12-16 21:16:27,80765159,0,0,0.0,in,2025-12-18T06:37:26.217616,2025-12-18_063726_manual
2001038224127590474,@somexrecom Pasti hadiah nya dikorup pemerintah laknat ini,2025-12-16 21:14:24,1779105768274546688,0,0,0.0,in,2025-12-18T06:37:26.217616,2025-12-18_063726_manual
2001038137435541725,"tiap baca hal-hal buruk tentang pejabat pemerintah, gue kadang berharap terjadi sesuatu yg bener-bener bikin marah dan bisa reset ulang gitu lohh. tapi pasti kejadiannya bakal buruk dan kacau banget... jadi di sisi lain, takut juga bakal kejadian :( tapi gatau deh, bom waktu 🤷🏻♀️",2025-12-16 21:14:04,735104762526371842,0,0,0.0,in,2025-12-18T06:37:26.217616,2025-12-18_063726_manual
2001037999040352322,Sepanjang 2025 satu satunya yg bikin pusing dan stress cm pemerintah,2025-12-16 21:13:31,1201074782462046212,0,0,0.0,in,2025-12-18T06:37:26.217616,2025-12-18_063726_manual
2001037971718545629,Miris ketika bencana sumatera tidak ditetapkan sebagai bencana nasional. Seakan2 pemerintah pusat ingin membunuh rakyatnya secara perlahan namun pasti ‼️,2025-12-16 21:13:24,1690763417123229696,0,0,0.0,in,2025-12-18T06:37:26.217616,2025-12-18_063726_manual
2001037957931946278,@zoelfick Ya Alloh udah kayak di Gaza yah 😭tapi yang dzalim pemerintah sendiri,2025-12-16 21:13:21,176618008,0,0,0.0,in,2025-12-18T06:37:26.217616,2025-12-18_063726_manual
2001037751529914492,"Pemerintah kbanyakan janji akhirnya muntah ,...",2025-12-16 21:12:32,1613097395499458561,0,0,0.0,in,2025-12-18T06:37:26.217616,2025-12-18_063726_manual
2001037414010380598,@MuhammadTuhasan Anis hanya ingin adu domba masyarakat dengan pemerintah,2025-12-16 21:11:11,1890486757508149249,0,0,0.0,in,2025-12-18T06:37:26.217616,2025-12-18_063726_manual
2001036662584041947,@HumorJonTampan Olh pemerintah pusat,2025-12-16 21:08:12,1741650995313295360,0,0,0.0,in,2025-12-18T06:37:26.217616,2025-12-18_063726_manual
2001036411399766176,@zoelfick Apa sich tujuan pemerintah sebenarnya? Ini bener² sdh seperti kondisi di Palestina.,2025-12-16 21:07:12,1358455502028460033,0,0,0.0,in,2025-12-18T06:37:26.217616,2025-12-18_063726_manual
2001036348711719287,@jullyfirst @isntmockingjay Ada. Pegawai OIKN. 2028 pemerintah pusat pindah setelah gedung legislatif dan yudikatif selesai. Pegawai kementerian tahun 2026 rencana masuk. Bandara udah siap. Tol segera rampung. Apartemen pegawai udah selesai.,2025-12-16 21:06:57,1967345821067993089,0,0,0.0,in,2025-12-18T06:37:26.217616,2025-12-18_063726_manual
2001036279388004748,"Bro... kenapa tiap aku berkunjung ada ajaaa wkwk. Tetiba ini ada demonstrasi (demonya belakang gedung parlemen & eksekutif pemerintah yang mana ada christmas market terbesar) ampe tram delay :"")) terus ada ini. https://t.co/4JiNhkrFDH",2025-12-16 21:06:41,2271273799,0,0,0.0,in,2025-12-18T06:37:26.217616,2025-12-18_063726_manual
2001035989989646779,Gemes banget sama pemerintah. Kok bisa pemerintahan diisi orang-orang GILA?,2025-12-16 21:05:32,1596459067161001984,0,0,0.0,in,2025-12-18T06:37:26.217616,2025-12-18_063726_manual
2001035918137008402,"@taufik_q INTI NYA YANG GOBLOK & DZALIM ITU ADALAH PEMERINTAH INDONESIA SENDIRI , pertanyaan nya ada agenda apa dengan rezim BOBROK saat ini ? terkait dengan P..Sumatra dan ACEH jangan 2 sdh di JUAL ??",2025-12-16 21:05:14,1697498119746072576,1,1,0.009259259259259259,in,2025-12-18T06:37:26.217616,2025-12-18_063726_manual
2001035558634840099,tingkat kebencian gw terhadap pemerintah naik tiap hari.,2025-12-16 21:03:49,1431547280931184646,0,0,0.0,in,2025-12-18T06:37:26.217616,2025-12-18_063726_manual
2001035353411739658,@EnjiroooH @isntmockingjay Ya bang th 2028 waktu gedung legislatif dan yudikatif selesai Jakarta pemerintah pusatnya yg game karena pindah ke IKN.,2025-12-16 21:03:00,1967345821067993089,0,0,0.0,in,2025-12-18T06:37:26.217616,2025-12-18_063726_manual
2001035156984037805,"@_itscechan @hellowhilll Lanjutan... Kalian (pejabat, pemerintah korup dll) Soal korupsi sunyi🤣🤣🤣",2025-12-16 21:02:13,1470096785691402251,0,0,0.0,in,2025-12-18T06:37:26.217616,2025-12-18_063726_manual
2001034601414750611,"Baru-baru ini, seorang pejabat Kementerian Dalam Negeri Gaza, Ahmed Zamzam, dibunuh di Gaza. Beberapa media berbahasa Ibrani mengklaim bahwa ""pasukan khusus"" Israel melakukan pembunuhan tersebut. Hari ini, kelompok keamanan Al-Haris Gaza, yang berafiliasi dengan pemerintah Gaza https://t.co/IPSFGZlFYn",2025-12-16 21:00:01,2256063276,0,0,0.0,in,2025-12-18T06:37:26.217616,2025-12-18_063726_manual
2001034023649599627,@salam4jari Aslinya gw dh males berkomentar setiap muncul postingan ttg pemerintah. MUAAAALES,2025-12-16 20:57:43,1851654266785824768,0,0,0.0,in,2025-12-18T06:37:26.217616,2025-12-18_063726_manual
2001033997011574828,"Dandhy Laksono: ""jika ingin menunjuk 'siapa perampok hutan', maka jawabannya bukan hanya perusahaan, melainkan juga pemerintah yang memberi izin."" https://t.co/dNTxiy1Huq",2025-12-16 20:57:36,1248726242,0,0,0.0,in,2025-12-18T06:37:26.217616,2025-12-18_063726_manual
2001033974915965067,@kenhans03 Kata pemerintah ahh mobil segitu paling 30jt ga sebanding dengan bantuan pemerintah,2025-12-16 20:57:31,255110725,0,0,0.0,in,2025-12-18T06:37:26.217616,2025-12-18_063726_manual
2001033881693380984,"@Akdjohar @isntmockingjay Selesai gedung yudikatif dan legislatif 2028 pemerintah pindah tuh. Istana wapres tahun 2026 selesai. Bandara udah, tol hampir selesai, pegawai OIKN udah ngantor di sana. Masak masih doa yg jelek2? 😂",2025-12-16 20:57:09,1967345821067993089,0,0,0.0,in,2025-12-18T06:37:26.217616,2025-12-18_063726_manual
2001033464200749126,@EYulihastin @prabowo @Gerindra lambat banget bantuan dari pemerintah,2025-12-16 20:55:29,1678980069438676992,0,0,0.0,in,2025-12-18T06:37:26.217616,2025-12-18_063726_manual
2001033020955074955,"@Qurwawan81932 @isntmockingjay Infonya sih malah makin kenceng pembangunannya. Akhir tahun ini bandara operasional, th dpn tol. Skrg istana wapres hampir selesai, dibangun juga kantor legislatif dan yudikatif rencana selesai 2028. Lanjut pemerintah pindah 2028 akhir. Ga mangkrak kayaknya.",2025-12-16 20:53:44,1967345821067993089,0,0,0.0,in,2025-12-18T06:37:26.217616,2025-12-18_063726_manual
2001032844781740488,Kepri dan riau beda tp darn sdih bbget emg anjg pemerintah,2025-12-16 20:53:02,1317994371703218177,0,0,0.0,in,2025-12-18T06:37:26.217616,2025-12-18_063726_manual
2001032592548880755,bajingann keparatt baiknya mereka masuk neraka (pemerintah),2025-12-16 20:52:02,1754887349870440448,0,0,0.0,in,2025-12-18T06:37:26.217616,2025-12-18_063726_manual
2001031978402111772,@txtdrkuliner Really? Fuck pemerintah 🖕 bisa-bisanya rakyat berkelahi dengan pemerintah sendiri 🙂🖕🖕🖕🖕🖕🖕🖕,2025-12-16 20:49:35,1261465330162921472,0,0,0.0,in,2025-12-18T06:37:26.217616,2025-12-18_063726_manual
2001031723472273520,"@RAbdinyo @SammiSoh yap betul, yg diutamakan kecepatan. kalaupun jalanan td ada rambu batas kecepatan brati pemerintah/polantas yg salah. krna tdk teliti tntang kselanatan di jalan. kalau ada batas kcpatan, si motor yg salah.",2025-12-16 20:48:34,1566462459128729600,0,0,0.0,in,2025-12-18T06:37:26.217616,2025-12-18_063726_manual
2001031694523199875,"@bestinformm Loe agen Belanda utk mengubah sejarah Indonesia. Artinya penulis sejarah dari para ahli dinjamannya dan dibelajarkan puluhan tahun akan loe rubah kau patahkan dan loe anggap sampah. Ente siapa. Ntar klo pejabat pemerintah mendatang merubahnya lagi, apa pembela an mu.",2025-12-16 20:48:28,1078984837346734080,0,0,0.0,in,2025-12-18T06:37:26.217616,2025-12-18_063726_manual
2001031491716046946,@Outstandjing Lhaa yg rakyatnya bayar pajak ke pemerintah itu orang Malaysia ateu org Indonesia?? Sumatra itu bagian dari Indonesia atau Malaysia?! Aneh,2025-12-16 20:47:39,1620762587712614400,0,0,0.0,in,2025-12-18T06:37:26.217616,2025-12-18_063726_manual
2001030419647750457,@Dee_Rose82 Muak banget dg pemerintah periode ini..semua ny dunggu..presideny omon2 ditambh anak buah ny bacot kalau bisa disantet online gt ak lakuin deh😤,2025-12-16 20:43:24,1953409998006226944,0,0,0.0,in,2025-12-18T06:37:26.217616,2025-12-18_063726_manual
2001030100830314526,@tanyarlfes Masa di antara orang² yg duduk di kursi pemerintah ga ada yg mau mukul kepala si presiden npd ini?! Sebellll,2025-12-16 20:42:08,576198406,0,0,0.0,in,2025-12-18T06:37:26.217616,2025-12-18_063726_manual
2001029969020117476,@indepenSumatera Asam lambungku juga naik gara gara kebanyakan baca kabar buruk dari pemerintah setiap hari,2025-12-16 20:41:36,2418493326,0,0,0.0,in,2025-12-18T06:37:26.217616,2025-12-18_063726_manual
2001029948564496760,Pemerintah Federal = Pemerintah Federasi Amerika Latin,2025-12-16 20:41:31,117635167,0,0,0.0,in,2025-12-18T06:37:26.217616,2025-12-18_063726_manual
2001029505788596287,"@sukanduseI Sama aja kalok pemerintah gerak lambat, aku udh g ada energi",2025-12-16 20:39:46,1818847186773532672,0,0,0.0,in,2025-12-18T06:37:26.217616,2025-12-18_063726_manual
2001029479855264020,"Saat musibah, penting buat tetap tenang, solid, dan bijak di medsos bareng ulama, masyarakat, pemerintah yang selalu siap support lewat seruan #PemerintahHadir https://t.co/bUpNs3WsNO",2025-12-16 20:39:39,1686220248746512385,0,0,0.0,in,2025-12-18T06:37:26.217616,2025-12-18_063726_manual
2001028662922240469,@masjalah Indo kpn?bkn korup lg ni pemerintah warisan jokowi tp iblis,2025-12-16 20:36:25,1779105768274546688,0,0,0.0,in,2025-12-18T06:37:26.217616,2025-12-18_063726_manual
2001027439468978231,see u in hell dan azab allah @prabowo @gibran_tweet @bahlillahadalia @ZUL_Hasan beserta seluruh jajaran pemerintah dzolim,2025-12-16 20:31:33,1225392136410939394,0,0,0.0,in,2025-12-18T06:37:26.217616,2025-12-18_063726_manual
2001026838081208721,"waspadalah kombatan gam ini sedang drama mencari simpatik dunia, diantaranya dengan terus mendiskreditkan institusi2 pemerintah RI https://t.co/RntiYTEKDP",2025-12-16 20:29:10,161490790,0,0,0.0,in,2025-12-18T06:37:26.217616,2025-12-18_063726_manual
2001026525412647163,"Sambil menunggu pemerintah bangun rumah tinggal menteri perumahan kita maka memang swadaya dulu Allah SWT senang insan yg kuat dan tabah diuji bencana karena toh pemerintahan Presiden Prabowo merasa dampak legacy perambahan hutan era jkw lbp dua periode,SDA hancur,pelan2 dibenahi https://t.co/pLVP1WoZNB",2025-12-16 20:27:55,1704116159665389568,0,0,0.0,in,2025-12-18T06:37:26.217616,2025-12-18_063726_manual
2001026470328852604,"""Kita lihat buktinya, saya lihat sekarang ini mungkin ada pihak yang khawatir karena rakyat baru sekarang lihat pemerintah Indonesia ini ternyata kuat,"" ujar Prabowo. #IndonesiaMampu #SumateraPrioritasNasional #IndonesiaBaik https://t.co/6xpl878zqa",2025-12-16 20:27:42,2584924543,0,0,0.0,in,2025-12-18T06:37:26.217616,2025-12-18_063726_manual
2001026465731895506,"Terbukti dari respons cepat pemerintah dalam penanggulangan dan membantu korban bencana di tiga provinsi tersebut. ""Puluhan ribu dalam saat-saat yang pertama (bencana) sudah dikerahkan ke situ. #IndonesiaMampu #SumateraPrioritasNasional #IndonesiaBaik https://t.co/6xpl878zqa",2025-12-16 20:27:41,2584924543,0,0,0.0,in,2025-12-18T06:37:26.217616,2025-12-18_063726_manual
2001026155420508590,eh pemerintah jahat bngt anj,2025-12-16 20:26:27,1811469518000259072,0,0,0.0,in,2025-12-18T06:37:26.217616,2025-12-18_063726_manual
2001025995948876261,"@ruhutsitompul Bang, sekalinya kita hidup, jujur sama nurani aja bang. Gak dosa kok kita mengritisi pemerintah yg bener2 impoten utk sekadar membantu rakyatnya.",2025-12-16 20:25:49,213149361,0,0,0.0,in,2025-12-18T06:37:26.217616,2025-12-18_063726_manual
2001025061894152578,"@lilaccountz nanti ada komen, kalo mau terbangin drone harus buat izin pemerintah pusat. halah kntl",2025-12-16 20:22:06,1556751360850219008,0,0,0.0,in,2025-12-18T06:37:26.217616,2025-12-18_063726_manual
2001024919052931216,"@ARSIPAJA Jangan hanya lihat Papua dari segi SDA, memang kaya, tapi pemerintah selama ini bisa apa dalam mensejahterakan rakyat di sana!",2025-12-16 20:21:32,1530643882043506688,0,0,0.0,in,2025-12-18T06:37:26.217616,2025-12-18_063726_manual
2001024827805852154,"anggaran pesantren 125 m sedangkan bencana 4 m tuh udah keliatan banget pemerintah nyari massa ""mayoritas"" biar nanti next pemilu suara itu milih mereka, sedangkan daerah yang terkena bencana itu sebelumnya bahkan bukan daerah pemilih mereka. cuman jadi bidak, babi.",2025-12-16 20:21:10,575233632,0,0,0.0,in,2025-12-18T06:37:26.217616,2025-12-18_063726_manual
2001024716304421235,"@indepenSumatera Jadi WNI berat bgt. Gmn ya, kita berhadapan dgn pemerintah bobrok yg bikin kebijakan semaunya, kasih statement ngawur & antikritik. Gimana kita gak stress? Sering bgt capek, nangis, kesel, kena mental rasanya. tapi tetep dipaksa sabar walaupun misuh2 di x. Knp jahat bgt sih😭",2025-12-16 20:20:44,1469981324769300481,0,0,0.0,in,2025-12-18T06:37:26.217616,2025-12-18_063726_manual
2001024444916207922,"https://t.co/wqglPt7vgP Pasca banjir bandang, jalur hidup rakyat Aceh terputus. Ekonomi hancur. Layanan publik tersendat. Yang terasa justru: pemerintah absen. Jika negara hanya hadir saat seremoni, lalu untuk apa kekuasaan?",2025-12-16 20:19:39,1656562862201122817,0,0,0.0,in,2025-12-18T06:37:26.217616,2025-12-18_063726_manual
2001024351764930846,"@islah_bahrawi @amrudinnejad_ Karena NU terlibat politik dan mendukung rezim yg salah, sehingga NU yg diharapkan untuk mengkritisi pemerintah yg salah itu malahan mendukungnya.",2025-12-16 20:19:17,1856766293606895619,0,0,0.0,in,2025-12-18T06:37:26.217616,2025-12-18_063726_manual
2001023826055098504,"@ferrykoto Untuk data korban rumah yg hilang, kebon, sawah dan ternak sudah keluar belum Uda, berapa rumah yg harus di bangun pemerintah dan waktu berapa lama bisa pindah dari tenda ke rumah relokasi itu,",2025-12-16 20:17:12,1008704215,0,0,0.0,in,2025-12-18T06:37:26.217616,2025-12-18_063726_manual
2001022960434557058,@MurtadhaOne1 As it should. Minta tolong pemerintah/polisi buat ngeberantas mereka jg gabakal ngaruh,2025-12-16 20:13:45,1142242164,0,0,0.0,in,2025-12-18T06:37:26.217616,2025-12-18_063726_manual
2001022745363312921,@chlorophyll_2 @LittleScrett_ alasan indonesia ga maju. debat argument di bales dengan di jauhin/di cap penjilat... ga bakal dapet feedback wawasan. akhirnya? ya masa depannya cuma ngandelin bansos pemerintah 😂,2025-12-16 20:12:54,1729479096223305728,0,0,0.0,in,2025-12-18T06:37:26.217616,2025-12-18_063726_manual
2001022207968075953,@blaiirys udah kaya pemerintah dimusuhin,2025-12-16 20:10:46,1377550952815730690,0,0,0.0,in,2025-12-18T06:37:26.217616,2025-12-18_063726_manual
2001021564435972562,@Jumianto_RK Tujukkan mana orang pinternya yg suka kritik pemerintah ??? @Jumianto_RK,2025-12-16 20:08:12,1230821031796850689,0,0,0.0,in,2025-12-18T06:37:26.217616,2025-12-18_063726_manual
2001021296902332514,@xjejeva IYAKANNN wkwk dia ini apa alat oknum pemerintah sana ya. Aku pernah baca ada penggelapan dana investor sampai triliunan. Logika aja dana segede itu kalau ga ada sangkut paut pemerintah ga mungkin. Makanya dia kek selalu dibela trs 🤣,2025-12-16 20:07:09,1480557241392455680,0,0,0.0,in,2025-12-18T06:37:26.217616,2025-12-18_063726_manual
2001020929816846418,@indepenSumatera Sumpah seluruh rakyat lg benci2x liat pemerintah kerja tangani bencana,2025-12-16 20:05:41,1744932947185332224,0,0,0.0,in,2025-12-18T06:37:26.217616,2025-12-18_063726_manual
2001020820697833556,"@DPP_PKB @ninikwafiroh Pemerintah pura pura mampu padahal dilapangan tidak berdaya, mestinya segera membuat rumah sakit2 darurat",2025-12-16 20:05:15,1598106314248716290,0,0,0.0,in,2025-12-18T06:37:26.217616,2025-12-18_063726_manual
2001020775265133049,@bestinformm Another pejabat ngomong ga pake otak! Namanya bantuan ya masa malaisya mau melebihi pemerintah negara indonesia. Ya bagus gabung ke malaisya aja klo begitu logikanya! Tololnya natural kali,2025-12-16 20:05:04,1373824452408975360,0,0,0.0,in,2025-12-18T06:37:26.217616,2025-12-18_063726_manual
2001020632591643049,@blaugrana1O plis stop nuntut pemerintah bahkan beda bedain negara sendiri sama luar negri liat dulu pola pikir masyarakat klopun di buat gitu emng masyarakat mau matuhin semua harus ada kesadaran udh dri pemerintah g sadar rakyat lebih g sadar.,2025-12-16 20:04:30,1973775056963833856,0,0,0.0,in,2025-12-18T06:37:26.217616,2025-12-18_063726_manual
2001019846583312470,"@tempodotco Pupuk emang gak ngotak harganya sampe sampe petani harus bikin kelompok tani biar bisa dapet pupuk subsidi, yg jadi pertanyaan kenapa sekelas pemerintah yang punya duit dan kuasa tidak bikin pabrik yah, agar suplai nya terpenuhi,, gila sih harga pupuk itu",2025-12-16 20:01:23,4902059518,0,0,0.0,in,2025-12-18T06:37:26.217616,2025-12-18_063726_manual
2001019803893739887,@poin_opini alasan utama status bencana di Sumatra bukan bencana nasional; 1. pemerintah nggk punya anggaran untuk pemulihan. 2. depopulation https://t.co/ytfYEVTGbA,2025-12-16 20:01:13,1836870023803195393,0,0,0.0,in,2025-12-18T06:37:26.217616,2025-12-18_063726_manual
2001019587266298315,@kompascom Apa guna polisi hutan kalo yg merusak hutan perusahaan dengan ijin pemerintah? Menyedihkan kemampuan berpikir anak @psi_id,2025-12-16 20:00:21,1585423974661398528,0,0,0.0,in,2025-12-18T06:37:26.217616,2025-12-18_063726_manual
2001019381556633971,"@gyeongwanyu1 @J_Chicharito_H @palingGemesin @joyieeeeeee_33 @theduckfiles_ @tanyarlfes Akun buzzer bang, baru buat untuk membela kebobrokan pemerintah",2025-12-16 19:59:32,1171213901611982848,0,0,0.0,in,2025-12-18T06:37:26.217616,2025-12-18_063726_manual
2001019335780000038,"Setuju bgt, tbh, pemerintah brengsek adakalanya gue akuin. Tapi setiap hembusan nafas apalagi kebijakan ya jangan dipukuk rata jelek semua anjing. Idup lo kek seakan jelek bgt dah kok kritak kritik? Wkwk",2025-12-16 19:59:21,1922043379631939584,0,0,0.0,in,2025-12-18T06:37:26.217616,2025-12-18_063726_manual
2001019193089740923,@Marchfoward Pemerintah mcm ni celaka lah di akhirat nanti..,2025-12-16 19:58:47,141754480,0,0,0.0,in,2025-12-18T06:37:26.217616,2025-12-18_063726_manual
2001018762234093713,pusing setiap hari liatin berita pemerintah goblok,2025-12-16 19:57:04,1337425375844921345,0,0,0.0,in,2025-12-18T06:37:26.217616,2025-12-18_063726_manual
2001018742260818298,"@semangat007 @asfan_warah Gini tolol, sedangkan di expose aja pemerintah asal bacot apalagi ngga diekspos. Paham tolol",2025-12-16 19:56:59,1801876923632783360,0,0,0.0,in,2025-12-18T06:37:26.217616,2025-12-18_063726_manual
2001018723801686101,"@FiersaBesari Jangan, biar rakyat melihat bahwa ucapan mereka adalah produk dari hati dan niat jahat mereka. Biar ketahuan. Gak ada niat baik dari pemerintah, yang ada hanya niat jahat dan keserakahan perut mereka. Orang kecil menderita tak peduli yang penting bisnis mereka lancar.",2025-12-16 19:56:55,1201571411971559425,0,0,0.0,in,2025-12-18T06:37:26.217616,2025-12-18_063726_manual
2001018568905765352,"@anakhalal09_ @ArmaZulfikar @tempodotco Perbedaan utama berasal dari sejarah dan UU: UU TNI 34/2004 (Pasal 47) izinkan prajurit aktif di 10 jabatan sipil terkait pertahanan (misalnya Kemhan, BIN) untuk koordinasi keamanan nasional, dianggap perlu oleh pemerintah & analis. UU Polri 2/2002 (Pasal 28) wajib mundur untuk",2025-12-16 19:56:18,1720665183188922368,0,0,0.0,in,2025-12-18T06:37:26.217616,2025-12-18_063726_manual
2001018297811395011,"buka x ni nyari penyakit dah, ga kuat bgt ngeliat berita pemerintah",2025-12-16 19:55:13,1802858378244587521,0,0,0.0,in,2025-12-18T06:37:26.217616,2025-12-18_063726_manual
2001017729600643380,@WidasSatyo Emang pemerintah Indonesia sekarang super duper kuat tahan malu ngibul nggak juntrung satu kabinet,2025-12-16 19:52:58,1835668063133589504,0,0,0.0,in,2025-12-18T06:37:26.217616,2025-12-18_063726_manual
2001017636373848519,"Sebenernya tuh MUAAAAAAKKKKKKK bgt buat tolol-tololin pemerintah idiot itu, tp tiap hr ada ajaaa berita yang bikin emosi. Baddd energi bgt bgt hadeh.",2025-12-16 19:52:36,1142542674622177280,0,0,0.0,in,2025-12-18T06:37:26.217616,2025-12-18_063726_manual
2001017409843634644,@dialogsenja__ pemerintah bejabat parasit bahlul opung the genk kerajaan owi dan presiden kita yg mupeng ama sawit,2025-12-16 19:51:42,1207679795397562374,0,0,0.0,in,2025-12-18T06:37:26.217616,2025-12-18_063726_manual
2001017077902270687,Di liat liat makin pemerintah konoha buka suara makin goblokk aku dengarnya,2025-12-16 19:50:23,1308443702482726913,0,0,0.0,in,2025-12-18T06:37:26.217616,2025-12-18_063726_manual
2001016135807074592,TERIMA KASIH PEMERINTAH THAILAND,2025-12-16 19:46:38,3180548179,0,0,0.0,in,2025-12-18T06:37:26.217616,2025-12-18_063726_manual
2001016036716634142,"Para user aplikasi belanja online ( Shopee, Lazada, Tokopedia, dll ) yang mengalami kendala & belum terselesaikan / dikecewakan oleh layanan tim internal. Silakan melaporkan kasus yang dialami, ke instansi pemerintah, agar dapat ditindak - lanjuti & diselesaikan. https://t.co/cpm40Sgx6K",2025-12-16 19:46:14,1142854313506529281,0,0,0.0,in,2025-12-18T06:37:26.217616,2025-12-18_063726_manual
2001015904893853910,"@indepenSumatera Yup, sampai tahajud aja bukan doain diri sendiri tapi nangisin masa depan negara kenapa punya pemerintah yg bisa buat setan aja malah sungkem sama mereka.",2025-12-16 19:45:43,1870072769729474561,0,0,0.0,in,2025-12-18T06:37:26.217616,2025-12-18_063726_manual
2001015201769119947,"I've seen a lot of people struggling dengan kesehatan dan bahkan dengan fasilitas yang disediakan pemerintah yang katanya mempermudah akses kesehatan tapi semakin kesini semakin dipersulit atau dibatasi penggunaannya. It makes me wonder sbnrnya yah, maunya apa gt??",2025-12-16 19:42:55,1792575105073373184,0,0,0.0,in,2025-12-18T06:37:26.217616,2025-12-18_063726_manual
2001014785517953419,"titik terberat gue dalam hidup adalah golput pas pilih smw pemerintah, cape ajg. uda trust issue gue.",2025-12-16 19:41:16,1978444427258724352,0,0,0.0,in,2025-12-18T06:37:26.217616,2025-12-18_063726_manual
2001014709496295906,@BosPurwa Salah Pemerintah gak pasang palang pintu disitu,2025-12-16 19:40:58,1650029823824400384,0,0,0.0,in,2025-12-18T06:37:26.217616,2025-12-18_063726_manual
2001014151498576302,"gw pikir udah gkbakal kaget liat pernyataan goblok dr pemerintah (and its a f president) krn udah ky normal day, tp its keep getting dumber ampe gw kaget lagi",2025-12-16 19:38:45,933267845906960384,0,0,0.0,in,2025-12-18T06:37:26.217616,2025-12-18_063726_manual
2001013999450898457,"muak banget jadi wni, sakit hati anjir ga dapet feedback baik dari pemerintah, di kadalin mulu",2025-12-16 19:38:09,897000937,0,0,0.0,in,2025-12-18T06:37:26.217616,2025-12-18_063726_manual
2001013868202693032,warga 1729292 - pemerintah 0,2025-12-16 19:37:37,1225392136410939394,0,0,0.0,in,2025-12-18T06:37:26.217616,2025-12-18_063726_manual
2001013561733316864,"udah fasilitas kesehatan&pendidikan jelek&mahal, upah pekerja kecil&jauh banget sama pendapatan tikus berdasi, cari kerja susah, tapi tetep tuh bayar pajak mah kudu lancar. gmn pada ga jadi sandwich anjir orang2, belom lg statement2 tolol pemerintah selalu bikin naik asem lambung",2025-12-16 19:36:24,897000937,0,0,0.0,in,2025-12-18T06:37:26.217616,2025-12-18_063726_manual
2001013375795609654,cape bgt liat pemerintah 😮💨,2025-12-16 19:35:40,1398931938790961152,0,0,0.0,in,2025-12-18T06:37:26.217616,2025-12-18_063726_manual
2001013135600496714,serem bgt ya pemerintah,2025-12-16 19:34:43,1931295551846502400,0,0,0.0,in,2025-12-18T06:37:26.217616,2025-12-18_063726_manual
2001012958755983543,"@BangPino__ Kita adalah bangsa besar, dengan kekayaan alam yang sangat besar. Perlu pemimpin yang bisa berbuat nyata dan dalam skala besar pula, bukan hanya bicara besar. Kenapa pemerintah sekarang seperti tidak jelas visi, misi dan progja nya?",2025-12-16 19:34:01,1585423974661398528,0,0,0.0,in,2025-12-18T06:37:26.217616,2025-12-18_063726_manual
2001012835875496419,"@1n_yourdreams pemerintah wnk, warga neraka",2025-12-16 19:33:31,1481231686172311560,0,0,0.0,in,2025-12-18T06:37:26.217616,2025-12-18_063726_manual
2001012813926736003,@Zeefire02 Seharusnya pemerintah Tangsel belajar dari Bu Risma sampah diolah dijadikan tenaga pembangkit listrik sampai sekarang,2025-12-16 19:33:26,3020113939,0,0,0.0,in,2025-12-18T06:37:26.217616,2025-12-18_063726_manual
2001012509902610792,"demi apapun tadi nangis karna sakit, trus makin nangis pas inget pejabat yg udah bunuh ribuan nyawa tetep sehat dan kaya😭 ternyata emang real ya rakyat bisa sestres ini liat pemerintah😭",2025-12-16 19:32:14,1499727674256031747,0,0,0.0,in,2025-12-18T06:37:26.217616,2025-12-18_063726_manual
2001011554620465314,"@FrxndF @unmagnetism bikin dua akun,1 buat nyari bokep 1 buat ngontol ngontolin pemerintah dan antek anteknya",2025-12-16 19:28:26,1939337376884727808,0,0,0.0,in,2025-12-18T06:37:26.217616,2025-12-18_063726_manual
2001011549637632171,"cukup lelah lihat berita bencana vs tindakan pemerintah. mau fokus ke gerakan2 warga jaga warga aja skrg mah krn lebih positive vibes, tindakannya nyata dan minim omon2 ga bermakna",2025-12-16 19:28:25,535229351,0,0,0.0,in,2025-12-18T06:37:26.217616,2025-12-18_063726_manual
2001011499922510216,@King_SpeakUp itu yang pilih 02 harus bertanggung jawab dunia dan akhirat. titik. sakit hati saya. lihat saudara kita di aceh dan sumatra kesusahan pemerintah diam aja. kita buat dalangan danapun di persulit denga ijin. pemerintah paling bobrok.,2025-12-16 19:28:13,1850615436,0,0,0.0,in,2025-12-18T06:37:26.217616,2025-12-18_063726_manual
2001011290291233115,"@m_mirah @__stanzalit__ Demi melihara harga diri bangsa di mata dunia, pemerintah pusat rela mengorbankan keutuhan NKRI itu sendiri. Bahkan presiden lebih senang mendengar berita bohong Mentri nya sendiri terkait kondisi riil di lapangan daripada menyidak langsung dan mendengar warga yg terdampak.",2025-12-16 19:27:23,1286101495,0,0,0.0,in,2025-12-18T06:37:26.217616,2025-12-18_063726_manual
2001010782239445242,Sbnrnya yg ngerusak mental gw tuh pemerintah jir. Tiap hari adee aje gebrakan jeleknya,2025-12-16 19:25:22,1178598937365635072,0,0,0.0,in,2025-12-18T06:37:26.217616,2025-12-18_063726_manual
2001010756096229618,"@RaintRico @ferrykoto @prabowo Eeh si induk babi dongok yang lahir dari pokok pisang malah kelihatan bodoh. Emang dari bapak ente tolol.? Maklum keturunan anjing gak bisa hitung berapa yang dikeruk dari Aceh untuk hidupin lu dan bapak lu. Siapa yang salahin rakyat, aku cuma salahin kau pemerintah bangsat mu",2025-12-16 19:25:15,1718565994615173120,0,0,0.0,in,2025-12-18T06:37:26.217616,2025-12-18_063726_manual
2001010702505673023,Tuk pemerintah Pusat!!!,2025-12-16 19:25:03,137052365,0,0,0.0,in,2025-12-18T06:37:26.217616,2025-12-18_063726_manual
2001010383373598984,"bagaimana kalau kencan besok diisi dengan ""misuhi pemerintah""--dilihat2 sepertinya kita nyambung untuk pembahasan menggulingkan rezim",2025-12-16 19:23:47,1141735724049297409,0,0,0.0,in,2025-12-18T06:37:26.217616,2025-12-18_063726_manual
2001010291174457382,"@KompasTV Pemerintah pusat sudah buta mata hatinya, membiarkan rakyat terus menderita.",2025-12-16 19:23:25,1914253300595367936,0,0,0.0,in,2025-12-18T06:37:26.217616,2025-12-18_063726_manual
2001010161448837621,"Gmn ya kalo gw keterima magang di that one instansi pemerintah,,,, gw hari hari ngejelekin wuowuok",2025-12-16 19:22:54,1681970356314312704,0,0,0.0,in,2025-12-18T06:37:26.217616,2025-12-18_063726_manual
2001009934851572203,"jam segini ga bisa tidur, dan saat nya kita harus memaki pemerintah indo yang kek anzing",2025-12-16 19:22:00,1637774261724282880,0,0,0.0,in,2025-12-18T06:37:26.217616,2025-12-18_063726_manual
2001009861547712672,Ya allah kapan diazab pemerintah pls allah pemaaf tpi saya tidak,2025-12-16 19:21:42,1561228507618848768,0,0,0.0,in,2025-12-18T06:37:26.217616,2025-12-18_063726_manual
2001009855478554730,@afipazni @arthuryeow @grok bodoh betul jadi orang meskipun saya indon dan pemerintah saya suka pelihara masyarakat bodoh tapi saya pun tau HIV gabisa menular lewat ciuman ke dahi atau pipi apalagi yang dicium tuh jenazah.,2025-12-16 19:21:41,1913261652671410176,0,0,0.0,in,2025-12-18T06:37:26.217616,2025-12-18_063726_manual
2001009543997018341,"Aku komen perihal kasus jula jule itu yg udah mulai aneh kalau dibaca, sarkas aja bilang kalau mereka dibayar ntah siapa yg dibayar, ntah mereka yg berlaku, ntah mereka yg nyebarin buat nutupin kelakuan pemerintah. Terus kreatornya bilang gini... Pusing gwh https://t.co/AmRBvzrkxB",2025-12-16 19:20:26,1124999524269809665,0,0,0.0,in,2025-12-18T06:37:26.217616,2025-12-18_063726_manual
2001008984766202292,"https://t.co/WWO79pkUEl | MEDAN ~ Kinerja Pemerintah Provinsi (Pemprov) Sumatera Utara (Sumut) dalam keterbukaan informasi publik menurun tajam pada 2025. Berdasarkan pemeringkatan terbaru Indeks Keterbukaan Informasi Publik (IKIP) dari 34 provinsi di Indonesia, posisi Sumut https://t.co/jXGFZylOP8",2025-12-16 19:18:13,782227850698960896,0,0,0.0,in,2025-12-18T06:37:26.217616,2025-12-18_063726_manual
2001008847629283580,"GILA! Rp 66.000 buat gaji sebulan, Rp 422.500 buat 144 Jam Pelajaran. Gaji ini bahkan gak cukup buat beli beras seminggu. Pemerintah/Yayasan harusnya malu bayar orang yang mendidik generasi cuma segini.",2025-12-16 19:17:40,1960194986110287872,0,0,0.0,in,2025-12-18T06:37:26.217616,2025-12-18_063726_manual
2001008716565585951,"@dialogsenja__ karena bacot kritik kerja pemerintah tp kerjaan dia sendiri jelek banget, ga profesional, ga ada achievement.",2025-12-16 19:17:09,1613245033586757633,0,0,0.0,in,2025-12-18T06:37:26.217616,2025-12-18_063726_manual
2001007885980196882,"@noramalina2203 dia pikir kita ni bisa dibodohi, dah keliatan buruk sangat pemerintah sini kak 🙂",2025-12-16 19:13:51,1362325490913054722,0,0,0.0,in,2025-12-18T06:37:26.217616,2025-12-18_063726_manual
2001007322680975665,@indepenSumatera ini pemerintah masih BUTA apa dengan keadaan aceh???,2025-12-16 19:11:37,1106057517786816512,0,0,0.0,in,2025-12-18T06:37:26.217616,2025-12-18_063726_manual
2001007107127333171,make nih orang2 pemerintah,2025-12-16 19:10:45,1558493922036711424,0,0,0.0,in,2025-12-18T06:37:26.217616,2025-12-18_063726_manual
2001006931356561437,"@blaugrana1O Kalo gw jd AI, gw jawab..kencingin DPR, bubarkan pemerintah tolol!!!",2025-12-16 19:10:04,1752003941930512384,0,0,0.0,in,2025-12-18T06:37:26.217616,2025-12-18_063726_manual
2001006833520271657,"Kayak aku juga pengen ke psikolog dah, tiap buka sosmed baca berita tentang pemerintah indonesia buat sakik kepala, cemas, sedih, marah Gini kali jadi WNI YA ALLAH 😭😭😭",2025-12-16 19:09:40,1217410568430092288,0,0,0.0,in,2025-12-18T06:37:26.217616,2025-12-18_063726_manual
2001006689018073263,"yg jadi persamaan dari segala interest gue (kuliner, olahraga, musik, wisata, dll) adalah selalu ada peran pemerintah di segala aspeknya yg bikin gue ga bakal stop ngata2in mereka sampe bukti nyata kerjanya keliatan",2025-12-16 19:09:06,1295084887309860866,0,0,0.0,in,2025-12-18T06:37:26.217616,2025-12-18_063726_manual
2001006630276837648,"@indepenSumatera anj anj di desa aja jalan ny bnyk yng rusak eh kades kades tikus ini dengan enk ny demo gak jelas, liat no sumatera tempatnya kena bencana gak ada yng demo ke pemerintah jadi Kades kok manja !",2025-12-16 19:08:52,1465614150785110017,0,0,0.0,in,2025-12-18T06:37:26.217616,2025-12-18_063726_manual
2001006595279610167,"@PikamonID Pengennya sih punya pemerintah yg waras, pintar, berkompeten, gak korupsi, berdedikasi melayani bangsa dan negara. Tapi baru dipikirin doang udah pesimis, kyknya sulit banget 😭😭😭",2025-12-16 19:08:43,1567899572130951173,0,0,0.0,in,2025-12-18T06:37:26.217616,2025-12-18_063726_manual
2001006452274815350,@Piyusaja2 10 M di tangan pemerintah cuma anggaran untuk beli gordyn rumah dinas DPR 🥲,2025-12-16 19:08:09,1241744384309116928,0,0,0.0,in,2025-12-18T06:37:26.217616,2025-12-18_063726_manual
2001006396452823498,"@salam4jari Ini wakil rakyat apa wakil pemerintah,,,???",2025-12-16 19:07:56,1602377032947548160,0,0,0.0,in,2025-12-18T06:37:26.217616,2025-12-18_063726_manual
2001006034320773623,@KangManto123 Netizen ingatkan Dave: Kalo pemerintah pusat nya budeg kaya pak erte Bolot pegimana dahhhh...ato kura2 dalam perahu kura2 tidak tau cemane tuu...,2025-12-16 19:06:30,193769274,0,0,0.0,in,2025-12-18T06:37:26.217616,2025-12-18_063726_manual
2001005773636391025,@gayungLove_17 @tanyarlfes Klo wni nya maki maki pemerintah ttp masuk surga ga ya??? 😔 Ga tahan kalau ga maki maki,2025-12-16 19:05:27,1124999524269809665,0,0,0.0,in,2025-12-18T06:37:26.217616,2025-12-18_063726_manual
2001005345137885311,@Urrangawak Pemerintah tolol 😭,2025-12-16 19:03:45,1567899572130951173,0,0,0.0,in,2025-12-18T06:37:26.217616,2025-12-18_063726_manual
2001004869474570679,@PerempuanWaos @penerbitkpg @tempodotco Riil bgt. Fun fact aku baca yg Aidit malah minjem dari perpustakaan pemkot jogja. Agak aneh kalo dilarang sedangkan perpus punya pemerintah aja ngoleksi,2025-12-16 19:01:52,1749832272965189632,0,0,0.0,in,2025-12-18T06:37:26.217616,2025-12-18_063726_manual
2001004529559699825,"@Ayhtima @indepenSumatera Aku tiap harus berusaha berisik kak, soalnya sehari aja ngga maki2 pemerintah bawaanya ada yg kurang dihidupku",2025-12-16 19:00:31,1522085585698967552,0,0,0.0,in,2025-12-18T06:37:26.217616,2025-12-18_063726_manual
2001004399405957339,"VinFast Janji Tambah Investasi Rp16,6 Triliun, Begini Respons Pemerintah https://t.co/FGbZuJqUBg",2025-12-16 19:00:00,132078023,0,0,0.0,in,2025-12-18T06:37:26.217616,2025-12-18_063726_manual
2001004389478412749,perlu kepekaan pada pemerintah pusat,2025-12-16 18:59:57,1986454720568041475,0,0,0.0,in,2025-12-18T06:37:26.217616,2025-12-18_063726_manual
2001000657952919986,@PikamonID Ganti pemerintah tolong,2025-12-16 18:45:08,919844689267777536,0,0,0.0,in,2025-12-18T06:37:26.217616,2025-12-18_063726_manual
2001000002311921908,Ditahap buka Twitter stress dn mual liat pemerintah,2025-12-16 18:42:31,1185346886670024704,0,0,0.0,in,2025-12-18T06:37:26.217616,2025-12-18_063726_manual
2000999928198574259,"Wahai Pemerintah, Dengarkan Apa Yg Ada di Bawah Kalian Saat Ini, Langsung Dengan Korban Yg Desanya Benar-benar Terisolir Dari Bantuan Manapun 🙏🙏🙏 'Mungkin Saja' Laporan Pembantu Presiden @prabowo Hanya Mengandalkan Ilusi ABS Asal Bapak Seneng 🙏🙏🙏 https://t.co/gFifp4ULYg",2025-12-16 18:42:14,1794060249722417152,0,0,0.0,in,2025-12-18T06:37:26.217616,2025-12-18_063726_manual
2000999448479256739,"@KangManto123 Urusan luar negeri harus lewat pemerintah pusat 🤣🤣 bangun bandara ilegal, laut di pagar atas keputusan pemerintah pusat juga???",2025-12-16 18:40:19,1884247801363849218,0,0,0.0,in,2025-12-18T06:37:26.217616,2025-12-18_063726_manual
2000999253976735993,@seraphicc23_ Pahalanya banyak lho. Rajin2 berdoa aja karena kita sering dizolimi pemerintah,2025-12-16 18:39:33,1479502678203912197,0,0,0.0,in,2025-12-18T06:37:26.217616,2025-12-18_063726_manual
2000999208124604667,"Root dari permasalahan ini tuh karena gaji guru kecil. Makanya mereka pada buka les dan ada beberapa yg buat curang. Salah juga sih guru2nya. Tapi kalo gak kayak gitu, guru2 makan apa jir wkwkkw dengan gaji rata2 100k-700k perBULAN. Semua salah pemerintah.",2025-12-16 18:39:22,1491764884312264704,0,0,0.0,in,2025-12-18T06:37:26.217616,2025-12-18_063726_manual
2000999008660283765,"@ledyanafitriani @yoeskenawas Soal 02 bisa didebatin. Tapi di lapangan pas bencana, Mualem yg gerak duluan, gak nunggu pemerintah pusat yang lambat.",2025-12-16 18:38:35,944066877776478208,0,0,0.0,in,2025-12-18T06:37:26.217616,2025-12-18_063726_manual
2000998434778833154,@bg_mush @MuhadklyAcho Jadi. Menurut lo LBH jakarta ga kredibel? Btw yg ngasih penghargaan menkes saat itu dan lo tau menkes saat itu anak buah orang yg lo benci. Jd lo mau mengakui nih kinerja anak buah mulyono? Wkwkwk LBH ngasih rapor merah tanpa unsur pemerintah btw murni suara REKAN2 LBH 🙏🏻,2025-12-16 18:36:18,1826273232238034944,0,0,0.0,in,2025-12-18T06:37:26.217616,2025-12-18_063726_manual
2000998324590272868,"@bestinformm Emang pemerintah isinya manusia2 serakah ya gini, udh dibantuin malah gabersyukur, giliran kekayaan dalam negeri mau dikeruk sendiri semua nya",2025-12-16 18:35:51,1972313459019948032,0,0,0.0,in,2025-12-18T06:37:26.217616,2025-12-18_063726_manual
2000998259498869032,@Henik_yuli Kalo sekarang udah pada kena virus termul jd ya gak pandai lagi mengkritisi pemerintah 😁,2025-12-16 18:35:36,1421527261409275906,0,0,0.0,in,2025-12-18T06:37:26.217616,2025-12-18_063726_manual
2000998231074070676,"@LastD19765 @Hanafi89450030 @RMCFLevans Dungu bin bodo kali type M ini tolol, kau pun tak sadar athlete kau banyak bangla dan Chinese, sedangkan type M sedang makan nasi lemak hasil subsidi pemerintah dari wang hutang makannya hutang negara kau teruk sampai 70% GDP 🤣🤣 https://t.co/aTcbXOI0yi",2025-12-16 18:35:29,1823686107604901891,0,0,0.0,in,2025-12-18T06:37:26.217616,2025-12-18_063726_manual
2000998156969107844,"Waktu tsunami aceh atau gempa jogja juga banyak bantuan dari non pemerintah bahkan asing. Tapi dikoordinir pemerintah pusat. Bahkan waktu gempa Jogja meskipun ga ditetapin sebagai bencana nasional, ketua Timnya langsung Wapres Jusuf Kalla. Ini mah skrg kaya ga ada yg ngordinir",2025-12-16 18:35:12,227642079,0,0,0.0,in,2025-12-18T06:37:26.217616,2025-12-18_063726_manual
2000998151306776822,"Tapi harus dikoordinir pemerintah biar distribusinya merata. Kaya sekarang keliatannya banyak bantuan yg masih sporadis, ga terkoordinir. Ya karena yg kirim bantuan ga semua tau daerah mana aja yg butuh. Minimal itu aja yang dilakuin pemerintah.",2025-12-16 18:35:10,227642079,0,0,0.0,in,2025-12-18T06:37:26.217616,2025-12-18_063726_manual
2000998148177846509,"Stelah dapet arealnya pemetaannya, analisa kbutuhan mereka dgn segera. Hasil analisanya bisa dishare ke swasta, organisasi, relawan buat distribusiin bantuan ke sana. Kalau pemerintah ga sanggup kasih bantuan ke sana, yakin banget banyak organisasi dan relawan yang mau.",2025-12-16 18:35:09,227642079,0,0,0.0,in,2025-12-18T06:37:26.217616,2025-12-18_063726_manual
2000996849528770603,"Pemerintah terus menjaga kawasan konservasi melalui operasi gabungan penertiban perambahan hutan. Dan ini dilakukan di Taman Nasional Berbak Sembilang (TNBS), Provinsi Jambi. Baca selengkapnya di... https://t.co/fu5PWDdzpK https://t.co/X9nusTRidl",2025-12-16 18:30:00,1129936609,0,0,0.0,in,2025-12-18T06:37:26.217616,2025-12-18_063726_manual
2000996793874833469,gara-gara bacain ketololan pemerintah jadi gabisa tidur anjing.,2025-12-16 18:29:47,1081486401642745857,0,0,0.0,in,2025-12-18T06:37:26.217616,2025-12-18_063726_manual
2000996525590405609,capek pumya pemerintah goblok. sebelum ganti rezim keburu mampus duluan,2025-12-16 18:28:43,1366591654849892357,0,0,0.0,in,2025-12-18T06:37:26.217616,2025-12-18_063726_manual
2000996463757902159,"beternak itu butuh modal yg besar, kambing udh segede itu pastinya udh ngeluarin duit banyak, dan siap dijual, tapi harus dihadapkan dgn situasi sperti ini,, please pemerintah harus ganti rugi smua ternak yg mati",2025-12-16 18:28:28,1314012539307479041,0,0,0.0,in,2025-12-18T06:37:26.217616,2025-12-18_063726_manual
2000996299693547786,"secara resmi oleh pemerintah Belanda karna VOC bangkrut, disitu kita diperbudak dan DIBAYAR tapi duitnya ga disalurin ke pribumi karna dikorupsi pejabat sendiri wkwk ampun🤣 Daendels namanya jelek banget di buku sejarah padahal bupatinya yang bobrok",2025-12-16 18:27:49,1968361359688822786,0,0,0.0,in,2025-12-18T06:37:26.217616,2025-12-18_063726_manual
2000995612704362935,"Top Minor Kontribusi/Perusak Indonesia: 1. Pemerintah (DPR masih kalah) 2. Jenderal Aparat (Ga bisa dipenjara soalnya) 3. SJW (Ekslusif, Pelampiasan Gagal Hidup)",2025-12-16 18:25:05,1108740909011599360,0,0,0.0,in,2025-12-18T06:37:26.217616,2025-12-18_063726_manual
2000995504839385265,"kabinet merah darah, darah rakyat yg mati sia-sia gara 02 voters bedebah. teruntuk jajaran kabinet merah darah dan 02 voters, kalian tanggung semua dosa rakyat yg nelangsa hidup di negeri ini. pemerintah tolol.",2025-12-16 18:24:39,1109513624437977088,0,0,0.0,in,2025-12-18T06:37:26.217616,2025-12-18_063726_manual
2000995339562836181,sumpah demi Allah pemerintah suombongeeeee ngga ketulunggggg semoga mati nggali kubur dewe sumpahhhhhh,2025-12-16 18:24:00,1277440136720994304,0,0,0.0,in,2025-12-18T06:37:26.217616,2025-12-18_063726_manual
2000995208109109706,"Jobdes gua klo kgk maki2 pemerintah tolol dan si lansia itu, ya ngejaga bumi. Klo ngejaga kamu, kan waktunya udah habis. 🙏🏻 https://t.co/YQKqri4NHr",2025-12-16 18:23:28,1492940275035275264,0,0,0.0,in,2025-12-18T06:37:26.217616,2025-12-18_063726_manual
2000995206674665689,pemerintah pusat ini bisa diem aja ga si kalo gabisa bantu apa apa? bacot abisss,2025-12-16 18:23:28,1366924874,0,0,0.0,in,2025-12-18T06:37:26.217616,2025-12-18_063726_manual
2000994862016160121,menahan diri untuk tidak misuh2 ttg pemerintah di sini :),2025-12-16 18:22:06,926803734042107904,0,0,0.0,in,2025-12-18T06:37:26.217616,2025-12-18_063726_manual
2000994821134278696,"Bener2 dzolim bgt pemerintah ini 😭😭 W tuh blm kebayang nanti aktivitas mereka kembali normalnya kyk gimana & butuh waktu berapa lama, kyk anak2 bisa sekolah lagi. Tp ternyata masih jauh dr pemulihan hal2 itu. Buat tidur di tempat layak dan makan aja masih susah bgt 😭",2025-12-16 18:21:56,1285218953204101120,0,0,0.0,in,2025-12-18T06:37:26.217616,2025-12-18_063726_manual
2000994802868085107,abangku banget setelah atm-nya dibekukan pemerintah 😞,2025-12-16 18:21:52,4810808396,0,0,0.0,in,2025-12-18T06:37:26.217616,2025-12-18_063726_manual
2000994679744344380,Yaa pemerintah pusatnya kagak jelas anjing. Kalo jelas juga gaakan sampe lapor ke pbb,2025-12-16 18:21:22,1527898631516598273,0,0,0.0,in,2025-12-18T06:37:26.217616,2025-12-18_063726_manual
2000994590577561750,"doanya tiap hari masih sama, semua pemerintah yang dzalim ini kesiska jiwa dan raganya dunia akhirat.",2025-12-16 18:21:01,1472981202235629573,0,0,0.0,in,2025-12-18T06:37:26.217616,2025-12-18_063726_manual
2000994550115082347,@myshawti melawan perdagangan global dan pemerintah wwkwkwk,2025-12-16 18:20:52,1609876523825385473,0,0,0.0,in,2025-12-18T06:37:26.217616,2025-12-18_063726_manual
2000992209701880297,cape baca berita pemerintah dodol ini,2025-12-16 18:11:34,719476915,0,0,0.0,in,2025-12-18T06:37:26.217616,2025-12-18_063726_manual
2000992143603851672,created by konglomerat dan pemerintah yang malas berpikir,2025-12-16 18:11:18,1937909159229595648,0,0,0.0,in,2025-12-18T06:37:26.217616,2025-12-18_063726_manual
2000992106811416774,@indepenSumatera Rakyat Indonesia itu tolol semua. Udah jelas pemerintah dan seluruh pejabat itu tujuan pekerjaannya adalah bagi-bagi hasil rampasan aset negara dan rakyat di sesama mereka dan keluarganya sendiri. Kok disuruh mikirin rakyat.,2025-12-16 18:11:09,30558645,0,0,0.0,in,2025-12-18T06:37:26.217616,2025-12-18_063726_manual
2000992056660123671,emg jadi wni dgn pemerintah begini ga salah bikin stressss bgt,2025-12-16 18:10:57,1253674405193867264,0,0,0.0,in,2025-12-18T06:37:26.217616,2025-12-18_063726_manual
2000992032958095867,"@Qualinxu Bohong biar engga dibanned pemerintah kali ya? Wkwk. Btw, katanya NJ itu ponakan mafia Hongkong? Bener ga si?",2025-12-16 18:10:51,994516204592103424,0,0,0.0,in,2025-12-18T06:37:26.217616,2025-12-18_063726_manual
2000991560817893568,"@indepenSumatera Sakit hati ini lihat pemerintah yg tak berpihak, sungguh.",2025-12-16 18:08:59,1513469864798986240,0,0,0.0,in,2025-12-18T06:37:26.217616,2025-12-18_063726_manual
2000991440089047453,"@intinyadeh APASIH ? PEMERINTAH INDO TUH EMANG GABISA 3 BASIC WORD TERIMAKASIH, MAAF, DAN TOLONG KAHHH??? FAK MEN INI YG SOK PALING PALING MAH KALIAN, PEMERINTAH.",2025-12-16 18:08:30,1600705687302320128,0,0,0.0,in,2025-12-18T06:37:26.217616,2025-12-18_063726_manual
2000991345092259984,"@Ohherara AKU DUKUNG, WKWK (pemerintah shibal) https://t.co/2myOLwqzEw",2025-12-16 18:08:07,1863053903107072000,0,0,0.0,in,2025-12-18T06:37:26.217616,2025-12-18_063726_manual
2000991200392962248,"KASIAN ACEH 😭😭😭DI BULLI DI HANCUR KAN ,DI BIARKAN MATI. TERSIKSA. OLEH PEMERINTAH PUSAT NEGARA INDONESIA .YAKIN ACEH AKAN MEMISAHKAN DIRI HANYA MASYARAKAT GILA YG MAU BERGABUNG & DIATUR,DI SIKSA OLEH TANGAN PEMERINTAH DAJJAL .Lihat video edi! #TikTok https://t.co/Q5ZueqmbmY",2025-12-16 18:07:33,1962319025477967872,0,0,0.0,in,2025-12-18T06:37:26.217616,2025-12-18_063726_manual
2000991127529529822,@anneserlo Rakyat yang mengkritik lambatnya Pemerintah dalan menangani bencana dituduh Prabowo sebagai serangan politik. Cara² pembungkaman seperti ini mengingatkan saya pada cara¹ rejim Orde Baru membersihkan suara akar rumput.,2025-12-16 18:07:16,1419466702333517824,0,0,0.0,in,2025-12-18T06:37:26.217616,2025-12-18_063726_manual
2000991096294568222,"@KangManto123 udh gada tenaga ngasih tau pemerintah gais, kalian aja",2025-12-16 18:07:08,1496669013757526016,0,0,0.0,in,2025-12-18T06:37:26.217616,2025-12-18_063726_manual
2000990864211108185,@indepenSumatera Pejabat-pejabat geng solo memang tak ada yang berkualitas dan gobloknya lg termul masih mensanjung-sanjung mulyono sama seperti pemerintah @prabowo yg masih memakai geng solo.,2025-12-16 18:06:13,1605700447003475968,0,0,0.0,in,2025-12-18T06:37:26.217616,2025-12-18_063726_manual
2000990773534449868,"Ya disana aparat ga boleh asal nembak warga sipil, kalau rame warga sipil yang demo ya kelar udah pemerintah nya, dan yg demo pun ga ngerusak fasilitas paling mentok blokade jalan dengan limbah peternakan. Disini ? 🤫",2025-12-16 18:05:51,466982824,0,0,0.0,in,2025-12-18T06:37:26.217616,2025-12-18_063726_manual
2000990580802011505,"Menurut gw, aceh bikin negara sendiri aja, pemerintah kek anjing soalnya",2025-12-16 18:05:05,1356771327592423429,0,0,0.0,in,2025-12-18T06:37:26.217616,2025-12-18_063726_manual
2000989283017220154,"tadi lihat di IG ada postingan psikolog yang dapat pasien konsultasi karena stress, tapi penyebab stressnya sungguh bikin ikut stress, pasien stress karena lihat kinerja Pemerintah. We feel you 😢",2025-12-16 17:59:56,280485361,0,0,0.0,in,2025-12-18T06:37:26.217616,2025-12-18_063726_manual
2000989229409820992,@bestinformm @Tuahsakato999 Malaysia itu nyumbang dgn ikhlas tp kalau pemerintah hukum nya wajib bukan nyumbang dongokkk..Mentri KOOOOONNNNNTTTT...,2025-12-16 17:59:43,1291244875996782592,0,0,0.0,in,2025-12-18T06:37:26.217616,2025-12-18_063726_manual
2000989056877125681,"@loeymafia Iyakan, ini saudara 1 negara lagi butuh suara biar dapet bantuan, kumpulan orang tolol ini malah ngehate dan fitnah b yang gak kenal sama mereka. Mereka fikir b sejobless itu kah? Mending maki pemerintah, biar bantuan dari dalem dan luar negri bisa cepet turun dan merata😪😪",2025-12-16 17:59:02,891256967355707392,0,0,0.0,in,2025-12-18T06:37:26.217616,2025-12-18_063726_manual
2000988850676494843,@moiquerencia Ada lagi tadi yang ngenyek katanya bantuan dari Malaysia gaada apa-apa nya dibanding dari pemerintah mba 😭😭😭 Aku yg nonton pun malu sendiri 😭,2025-12-16 17:58:13,1136769642767179776,0,0,0.0,in,2025-12-18T06:37:26.217616,2025-12-18_063726_manual
2000988762265072117,Tengah malem galau ❌ Tengah malem maki-maki pemerintah + nangisin korban bencana ✔️,2025-12-16 17:57:52,1597690759,0,0,0.0,in,2025-12-18T06:37:26.217616,2025-12-18_063726_manual
2000988514402586659,bahkan ngabarin aku pun dia harus keliling tengah malam demi cari sinyal. pemerintah babi,2025-12-16 17:56:53,1932496159219834880,0,0,0.0,in,2025-12-18T06:37:26.217616,2025-12-18_063726_manual
2000988487257088360,Sipaling aceh 2✅️ Pemerintah 0❌️ @KemensosRI tau ngapain aja Hahahahaaaa https://t.co/2b5ME1WJ0h,2025-12-16 17:56:46,3192245514,0,1,0.0,in,2025-12-18T06:37:26.217616,2025-12-18_063726_manual
2000988309221466157,pemerintah kontol bool tai ledig puki ayam babi semua HOK CUH,2025-12-16 17:56:04,1430753658518470663,0,0,0.0,in,2025-12-18T06:37:26.217616,2025-12-18_063726_manual
2000988214501499305,"@fotodakwah Ini mencela pemerintah, menentang program pemerintah untuk melestarikan kearifan lokal,",2025-12-16 17:55:41,1713576269789691904,0,0,0.0,in,2025-12-18T06:37:26.217616,2025-12-18_063726_manual
2000988206599430551,"Satu lagi, jikalaulah pemerintah meletakkan mahkota dan disarungkan dengan kain jerami sekalipun, ra'ayat tetap akan memandang tinggi dan menghormati selagi mana pemerintah itu adil dan berkhidmat dengan penuh ikhlas.",2025-12-16 17:55:39,1871908331465641984,0,0,0.0,in,2025-12-18T06:37:26.217616,2025-12-18_063726_manual
2000987842022142256,Cuma di Indonesia kalik ya DPR kok kayak sepihak sama pemerintah eksekutifnya. Di tempat lain DPR itu hampir selalu minimal ada yg bertentangan dengan eksekutif yang menjabat,2025-12-16 17:54:12,1226429205195313152,0,0,0.0,in,2025-12-18T06:37:26.217616,2025-12-18_063726_manual
2000987827748962411,Pemerintah yg lu pilih kek tayk,2025-12-16 17:54:09,884149817965924352,0,0,0.0,in,2025-12-18T06:37:26.217616,2025-12-18_063726_manual
2000987779652837888,"@likeother_ MALU DITANGGUNG RAKYAT NYA ADA BANGET EMANG 😭😭😭😭 Fak pemerintah indoo, love homo",2025-12-16 17:53:57,1943330761823916036,0,0,0.0,in,2025-12-18T06:37:26.217616,2025-12-18_063726_manual
2000987689047433718,"@indepenSumatera Di kondisi dan situasi yang sangat genting seperti sekarang, pemerintah kita yang ga menetapkan bencana nasional, apa ga jadi kesempatan pihak tertentu untuk memanfaatkan kondisi ini? #prayforsumatera🥀",2025-12-16 17:53:36,1778076954664792065,0,0,0.0,in,2025-12-18T06:37:26.217616,2025-12-18_063726_manual
2000987239481008250,"Sebuah sumber keamanan melaporkan bahwa pemerintah Suriah telah menangkap lebih dari 11 anggota keamanan internal dan menyerahkan mereka untuk diinterogasi, menyusul serangan yang menargetkan pasukan Amerika di Palmyra di tengah-tengah Suriah yang mengakibatkan kematian https://t.co/JjY7y2xOs5",2025-12-16 17:51:49,1399413045714067467,0,0,0.0,in,2025-12-18T06:37:26.217616,2025-12-18_063726_manual
2000987009175970060,@RWWReborn Rakyat Indonesia ini di tipu sama orang sendiri dari dulu Miris Penghianat sebenarnya Salah satu judol korban banyak bet indo/perdagangan orang bjirr Tapi pemerintah? Ngomong doang Liat korsel ketika beberap warga kena korban kamboja disentil dikit kamboja panik,2025-12-16 17:50:54,1227232762177867776,0,0,0.0,in,2025-12-18T06:37:26.217616,2025-12-18_063726_manual
2000987006357397967,"Tiap bikin acc baru tu selalu berencana buat misahin antara akun buat yapping ttg pemerintah sama buat seneng2 sama sambat aja, ujung2nya selalu nyampur karena males ganti2 acc",2025-12-16 17:50:53,1912507562676928512,0,0,0.0,in,2025-12-18T06:37:26.217616,2025-12-18_063726_manual
2000970376210473085,"@RecehinAjaid Knp pilih ini: biar bs mengadu langsung ke pusat tentang semua hal, termasuk kinerja pemerintah Indonesia, cape bgt ya Allah liat berita 😭",2025-12-16 16:44:48,1085126920239370241,0,0,0.0,in,2025-12-18T06:37:26.217616,2025-12-18_063726_manual
2000970356572741865,"@IreneLim177 @indepenSumatera Gw aminkan itu, ga cm soal bencana sumatera aja. Tp soal tuntutan 17+8 yg g terpenuhi, kriminalisasi krbn demo+para mahasiswa, kasus korupsi yg ga kunjung slsai+ga ada transparansi kmn uang yg d sita, & Mahkamah Internasional pnya kuasa pnh utk mengaudit dr segi eknomi+pemerintah",2025-12-16 16:44:43,1874058922493173762,0,0,0.0,in,2025-12-18T06:37:26.217616,2025-12-18_063726_manual
2000970329385263180,@indepenSumatera Pemerintah kita bagus kan? Baru sadar jika salah pilih...,2025-12-16 16:44:37,1603992478335774722,0,0,0.0,in,2025-12-18T06:37:26.217616,2025-12-18_063726_manual
2000970291078672510,@BBCIndonesia Indonesia harus minta bantuan Amerika dan Israel untuk bantu rakyat Indonesia perang lawan pemerintah,2025-12-16 16:44:28,1486938632,0,0,0.0,in,2025-12-18T06:37:26.217616,2025-12-18_063726_manual
2000970277325562146,"Keberpihakan pemerintah pada buruh diwujudkan melalui kebijakan perlindungan kerja, peningkatan kesejahteraan, serta ruang dialog yang adil untuk memperjuangkan hak dan kepentingan pekerja. #IndonesiaTerang https://t.co/H6oU2axPBN",2025-12-16 16:44:25,1182508564218138625,0,0,0.0,in,2025-12-18T06:37:26.217616,2025-12-18_063726_manual
2000970239480357221,"Pikir pikir aja klo anakmu klo gede bakal jadi penanggung utang whoosh dan jadi budak palak sm pemerintah ini. Pikir-pikir lagi klo mau punya anak dengan kondisi gini. Ngentot emang enak,after ngentotnya enggak 🙃",2025-12-16 16:44:15,1229015344825556992,0,0,0.0,in,2025-12-18T06:37:26.217616,2025-12-18_063726_manual
2000970079366996307,"Keberpihakan untuk buruh -- keberpihakan pemerintah tercermin dalam upaya menjaga hak pekerja, menciptakan kondisi kerja yang layak, serta mendorong kesejahteraan melalui kebijakan yang berkeadilan. #IndonesiaTerang https://t.co/ZV7qVxm27u",2025-12-16 16:43:37,1182508564218138625,0,0,0.0,in,2025-12-18T06:37:26.217616,2025-12-18_063726_manual
2000969921858248971,"Bukan cuma janji, pemerintah nunjukin bukti nyata!",2025-12-16 16:43:00,1637187338,0,0,0.0,in,2025-12-18T06:37:26.217616,2025-12-18_063726_manual
2000969920646144394,"Pemerintah terus mempercepat pemulihan infrastruktur energi pascabencana. Selain itu, ditegaskan bahwa stok Bahan Bakar Minyak (BBM) dan Liquid Petroleum Gas (LPG) di wilayah terdampak dan sekitarnya berada dalam kondisi aman dan tercukupi. https://t.co/DMxOQ3ymQe",2025-12-16 16:42:59,1698338333209034752,0,0,0.0,in,2025-12-18T06:37:26.217616,2025-12-18_063726_manual
2000969905827668471,@__PASMANTAP Tidak ada yang bisa dipercaya dari kalangan (mereka) pemerintah,2025-12-16 16:42:56,1890423739793436712,0,0,0.0,in,2025-12-18T06:37:26.217616,2025-12-18_063726_manual
2000969833526292794,"@BaseBDG ada konflik pengelolaan antara yayasan sama pemerintah kota bandung, sebelumnya di kelola sama yayasan aman aman aja padahal, tapi sekarang kalo mau donasi berupa sayuran atau buah buahan secara langsung bisa sambil mengunjungi satwa satwa",2025-12-16 16:42:39,1286294903350161408,0,0,0.0,in,2025-12-18T06:37:26.217616,2025-12-18_063726_manual
2000969836621652155,"Tapi emang betul. Setiap liat kelakuan pemerintah indonesia, rasanya hopeless in many way.",2025-12-16 16:42:39,1722674993514070016,0,0,0.0,in,2025-12-18T06:37:26.217616,2025-12-18_063726_manual
2000969795752354154,@scuntderia gulingkan pemerintah dan skripsi pls,2025-12-16 16:42:30,1582982901498773505,0,0,0.0,in,2025-12-18T06:37:26.217616,2025-12-18_063726_manual
2000969694560575733,@bincangurban Di semua agama juga gak ada yg menghalalkan mencaci pemerintah dan votersnya hehe,2025-12-16 16:42:06,1991327510630735873,0,0,0.0,in,2025-12-18T06:37:26.217616,2025-12-18_063726_manual
2000969644220535181,@dr_kevinliu Yg ovt gue kasih ke pejabat/pemerintah setan yg ga guna itu,2025-12-16 16:41:54,1927525574219640832,0,0,0.0,in,2025-12-18T06:37:26.217616,2025-12-18_063726_manual
2000969399369654616,"@NotADemonnn @Gerindra Cntoh kasus ke 2. Pejabat & influencer 1. Kasus pejabat foto2 di daerah bencana. Tapi gk merusak 2. Influencer datang ke daerah bencana. Datang2 ngehina pemerintah, awalnya mungkin ngasih tau pejabat kerjanya gk bener, tapi lama kelamaan ko jadi ngadu domba pemerintah sama rakyat",2025-12-16 16:40:55,1963201405264777216,0,0,0.0,in,2025-12-18T06:37:26.217616,2025-12-18_063726_manual
2000966576531763614,Para pejabat pemerintah Indonesia,2025-12-16 16:29:42,88934519,0,0,0.0,in,2025-12-18T06:37:26.217616,2025-12-18_063726_manual
2000966560387907611,@Formylines Tapi sebenernya emang fungsinya oposisi tuh pas pemerintahnya oleng ada yg ngomongin. Sayangnya malah oposisi sekarang satu jalur sama pemerintah wkwk,2025-12-16 16:29:38,1294476637094871040,0,0,0.0,in,2025-12-18T06:37:26.217616,2025-12-18_063726_manual
2000966445480771596,"DEMI ALLAH GUE BENCI BGT SAMA LU, DARAH RAKYAT INDONESIA YG MATI KARENA INCOMPETENT PEMERINTAH LU ADA DI TANGAN LU SEMUA",2025-12-16 16:29:11,1544696331934937089,0,0,0.0,in,2025-12-18T06:37:26.217616,2025-12-18_063726_manual
2000966402510147611,"No thanks, nak jaga dua-dua negeri Borneo pun dah payah. Adding Sumatera into the Federation will cost us more money because we're talking about states that literally sits on earthquake and tsunami zones. Indonesia ni, kalau punyai pemerintah yang baik, dah maju dah dari kita",2025-12-16 16:29:01,1802426065031413760,0,0,0.0,in,2025-12-18T06:37:26.217616,2025-12-18_063726_manual
2000966238089175288,"@indepenSumatera demii allah seluruh rakyat indonesia terlebih para mastarakat di sumatera, mereka bersaksi atas tidak adanya tanggung jawab pemerintah terlebih presiden dalam mengatasi bencana yang terjadi.",2025-12-16 16:28:21,1891880459241652225,0,0,0.0,in,2025-12-18T06:37:26.217616,2025-12-18_063726_manual
2000966146930196653,"Kalau konsumsi naik, ekonomi melesat--pemerintah tahu itu!",2025-12-16 16:28:00,475779474,0,0,0.0,in,2025-12-18T06:37:26.217616,2025-12-18_063726_manual
2000966121353306366,"rakyat bantu rakyat, pemerintah ga diajak.",2025-12-16 16:27:54,1269977538,0,0,0.0,in,2025-12-18T06:37:26.217616,2025-12-18_063726_manual
2000966088436408792,"@kartiko_yudo @Piyusaja2 Fakta, dari sisi pemerintah juga kesalahanya fatal tapi para pendukungnya enabler kejahatan yg dilakuin pemerintah",2025-12-16 16:27:46,1199209114838061057,0,0,0.0,in,2025-12-18T06:37:26.217616,2025-12-18_063726_manual
2000965986225414468,"Kadang tuh yaa sangking gonjang ganjingnya nih negara dengan pemerintahnyaa, gua kadang sampek ga percaya pemerintah masih ngomong begini.. bahkan baca ginian tuh ga bisa langsung percaya anjir",2025-12-16 16:27:21,1174987010311782400,0,0,0.0,in,2025-12-18T06:37:26.217616,2025-12-18_063726_manual
2000965960568889521,"Pemerintah pusat, melalui TNI, Polri, Basarnas, BNPB, dan kementerian/lembaga terkait, menyalurkan BTT Rp268 miliar untuk pengiriman tenaga medis, obat, pangan, dan pakaian ke wilayah terdampak #Bencana #Banjir #NegaraPeduli #tanggapbencana #BanjirSumatera #NationalDisaster https://t.co/648fIZFrOh",2025-12-16 16:27:15,1768444042130718720,0,0,0.0,in,2025-12-18T06:37:26.217616,2025-12-18_063726_manual
2000965925185650933,"Tapi kalo menghina pemerintah gak papa, aku ikut WKWKWKWKWK",2025-12-16 16:27:07,1514977624702955521,0,0,0.0,in,2025-12-18T06:37:26.217616,2025-12-18_063726_manual
2000965810433691885,"@tanyarlfes tiap hari liat kaya gini, yaaAllah bener2 pemerintah dzolim sm rakyatnya sendiri :(",2025-12-16 16:26:40,1846921960493928449,0,0,0.0,in,2025-12-18T06:37:26.217616,2025-12-18_063726_manual
2000965806868586874,"oh ini yang temen gue bilang kemarin?? jujur gue sampe bilang ""Demi allah, in this situation gue gak peduli berita jule ya jing! negara gue lagi gak baik - baik aja. bencana Sumatera banyak korban Dan pemerintah masih nge-lag!""",2025-12-16 16:26:39,1740360304545128448,0,0,0.0,in,2025-12-18T06:37:26.217616,2025-12-18_063726_manual
2000965773557366886,"@Mdy_Asmara1701 Pemerintah nye aje, respon kurang. Memang ada apa di Aceh. Aceh masih saudara kita juga 😭😭😭",2025-12-16 16:26:31,1841343066906710016,0,0,0.0,in,2025-12-18T06:37:26.217616,2025-12-18_063726_manual
2000965749981204838,"@Suryant97979055 @QianzyZ Lebih tepat yg zhalim itu pemerintah daerahnya. Aceh daerah otonomi khusus, diberi keleluasaan mengurus dirinya sendiri tanpa campur tangan pemerintah pusat. Harus rakyat Aceh marah pada gubernur dan Bupati mereka.",2025-12-16 16:26:25,2881653068,0,0,0.0,in,2025-12-18T06:37:26.217616,2025-12-18_063726_manual
2000962888958373920,rillll sebagai genz gue udahh muak mampus sama sikap pemerintah dajjal ini ngga berguna bangsatttt nyusahin rakyat doang kerjaannya ah monyet benci banget gueeeeee,2025-12-16 16:15:03,1891880459241652225,0,0,0.0,in,2025-12-18T06:37:26.217616,2025-12-18_063726_manual
2000962881157001334,"Banyak kali bacot kau bujang. Tanpa kalian pemerintah pun, daerah bisanya berdiri sendiri. Apalagi Papua. Yang bikin mereka sengsara kan kalian yang ngasih izin orang luar buat keruk tanah mereka. Contohnya ya freeport itulah, yang dikasih izin sama mantan mertuamu",2025-12-16 16:15:01,1433713731901419521,0,0,0.0,in,2025-12-18T06:37:26.217616,2025-12-18_063726_manual
2000962876006183329,Kalian yang ngorbanin waktu & tenaga untuk bangsa: pemerintah udah siap kasih penghargaan maksimal. Gaul dan terhormat!,2025-12-16 16:15:00,2343677401,0,0,0.0,in,2025-12-18T06:37:26.217616,2025-12-18_063726_manual
2000962855894704169,@sharpandshark Bosen juga lama² seperti ini gaya pemerintah Kayak KONT0L kuda,2025-12-16 16:14:55,1865493293683146752,0,0,0.0,in,2025-12-18T06:37:26.217616,2025-12-18_063726_manual
2000962805659525144,"@salam4jari Udah merdeka aja kalian kalau betul pemerintah pusat tak menanggulangi bencana dengan baik. Aceh juga harusnya buat kanal atau mungkin temanteman netizen buat kanal online entah dalam bentuk website atau apapun, informasikan keadaan aktual tiap 6 jam.",2025-12-16 16:14:43,1935747803344781313,0,0,0.0,in,2025-12-18T06:37:26.217616,2025-12-18_063726_manual
2000962771517935669,"liat tl aja banyak bacot bgt semua tuh pemerintah, ini kejadian banjir nya uda lama tp tetep aja diem kaga bergerak. apa mereka ga malu sm warga nya sndiri yg sibuk sana sini open donasi???",2025-12-16 16:14:35,1502840745757093888,0,0,0.0,in,2025-12-18T06:37:26.217616,2025-12-18_063726_manual
2000962713560998015,"setuju. jangan kemakan gosip, walaupun orang indo suka makan gosip. kali ini, tolong besarkan rasa kemanusiaan kalian sebagai sesama manusia. pemerintah masih bisa makan sate sambil isep cerutu, sedangkan mereka? coba kalo kalian ada di posisi mereka, gw yakin kalian bakal marah.",2025-12-16 16:14:21,1620486812480462849,0,0,0.0,in,2025-12-18T06:37:26.217616,2025-12-18_063726_manual
2000962677892616473,"Gus @YahyaCStaquf selaku Ketum PBNU meminta agar Tim #NUPeduli bekerja sama dengan badan unit pemerintah dalam penanganan bencana, Hal ini agar tidak tumpang tindih, tidak tabrakan di bawah dalam penanganannya @KemensetnegRI https://t.co/CDzQaXd2IE",2025-12-16 16:14:13,1257344090296905728,0,0,0.0,in,2025-12-18T06:37:26.217616,2025-12-18_063726_manual
2000962664198234348,@indepenSumatera Awas kejegal pemerintah,2025-12-16 16:14:09,292921105,0,0,0.0,in,2025-12-18T06:37:26.217616,2025-12-18_063726_manual
2000962659685146996,"@taufik_q Bagaimana Rakyat sumatera khususnya Aceh Sumut dan Sumbar,masih berharap pada Pemerintah? Sungguh sangat naif Penguasa dalam berikan bantuan yg notabene nya hanya pencitraan",2025-12-16 16:14:08,1513469864798986240,0,0,0.0,in,2025-12-18T06:37:26.217616,2025-12-18_063726_manual
2000962456383025191,Emg salah pemerintah kok semuanya 🤭,2025-12-16 16:13:20,142677143,0,0,0.0,in,2025-12-18T06:37:26.217616,2025-12-18_063726_manual
2000962430873288865,"Tahi, kubu pemerintah mulai melakukan propaganda pembodohan",2025-12-16 16:13:14,4754238736,0,0,0.0,in,2025-12-18T06:37:26.217616,2025-12-18_063726_manual
2000962422178505198,Otak kau dimana pemerintah,2025-12-16 16:13:12,1978479190614937602,0,0,0.0,in,2025-12-18T06:37:26.217616,2025-12-18_063726_manual
2000962395620172134,"Sedih 😔 karena ternyata selama ini bahkan sampe era ini kita masih disetir pemerintah, dipaksa nurut sama kebijakan kebijakan konyol yg ga berguna.",2025-12-16 16:13:05,1774943379899695104,0,0,0.0,in,2025-12-18T06:37:26.217616,2025-12-18_063726_manual
2000959053154148712,@ARSIPAJA Masalahnya bantuan dari luar tu nyata.. Kalo dari pemerintah ya cuma omon omong doang,2025-12-16 15:59:48,205163140,0,0,0.0,in,2025-12-18T06:37:26.217616,2025-12-18_063726_manual
2000958871188439089,"@semangat007 @asfan_warah yang lain juga di expose kok, kayak banjir Bali rame jg beritanya. Di expose aja tetep ga ada bantuan yang signifikan dari pemerintah, jadi jangan banding2in bencana antar provinsi",2025-12-16 15:59:05,1883457152519696384,0,0,0.0,in,2025-12-18T06:37:26.217616,2025-12-18_063726_manual
2000958765768786429,"Kalo menurutku, Bencana Nasional dimulai saat UU KPK di sahkan, independensi kelembagaan hilang dan saat itu pejabat pemerintah sudah tidak takut apapun lagi.",2025-12-16 15:58:40,1732341962,0,0,0.0,in,2025-12-18T06:37:26.217616,2025-12-18_063726_manual
2000958764544073775,"Dah lama ngga hybe seventeen, maaf sibuk makimaki pemerintah",2025-12-16 15:58:40,1601986041874825216,0,0,0.0,in,2025-12-18T06:37:26.217616,2025-12-18_063726_manual
2000958742553354305,Sakit hati gue liatnya anjing pemerintah kontol,2025-12-16 15:58:34,1698876644256284672,0,0,0.0,in,2025-12-18T06:37:26.217616,2025-12-18_063726_manual
2000958614228619620,Hari hari emosi sm pemerintah,2025-12-16 15:58:04,1635669274869252097,0,0,0.0,in,2025-12-18T06:37:26.217616,2025-12-18_063726_manual
2000958611561095442,@BattleboyA239 Setelah pemerintah runtuh muncul tuh raja-raja kecil daerah yang netijen gak pada tau jahatnya ampun-ampunan deh. Capeee.,2025-12-16 15:58:03,1595725652002734080,0,0,0.0,in,2025-12-18T06:37:26.217616,2025-12-18_063726_manual
2000958598093136093,"Menteri Ketenagakerjaan (Manaker) Yassierli mengatakan Presiden Prabowo Subianto telah menandatangani Peraturan Pemerintah (PP) tentang Pengupahan untuk tahun 2026 pada hari ini, Selasa (16/12). #MERONA4D https://t.co/usex5KgK8B",2025-12-16 15:58:00,1929304395788996608,0,0,0.0,in,2025-12-18T06:37:26.217616,2025-12-18_063726_manual
2000958566728130659,"jd keinget bulan apa gt wktu apa aku jibek sumpek sm pemerintah smpe smpe tanya ke gpt, kenapa tidak ada orang yang membunuh pemerintah. hm terus aku dinasehatin sm gpt",2025-12-16 15:57:52,1573578793343586305,0,0,0.0,in,2025-12-18T06:37:26.217616,2025-12-18_063726_manual
2000958541558149178,"@zoelfick @ainunnajib Mualem bilang aja sama Prabowo di depan media lokal dan internasional, saya telah berusaha sebaiknya dan menyatakan menyerah dan meminta bantuan pemerintah dan komunitas internasional. Demi kemanusiaan. Demi rakyat yang masih bertahan.",2025-12-16 15:57:46,37564776,0,0,0.0,in,2025-12-18T06:37:26.217616,2025-12-18_063726_manual
2000958536344559832,@P3gEl Pengen denger juga aksi pejabat pemerintah dan anggota DPR yg katanya wakil rakyat sumbang gaji dan tunjangannya buat korban bencana Sumatera.,2025-12-16 15:57:45,1780250820036222976,0,0,0.0,in,2025-12-18T06:37:26.217616,2025-12-18_063726_manual
2000958492719636929,pemerintah pro rakyat. tapi kayanya susah sih. minta kekuatan hacimon aja deh.,2025-12-16 15:57:35,1132053708122943488,0,0,0.0,in,2025-12-18T06:37:26.217616,2025-12-18_063726_manual
2000958457059664296,"@BosPurwa Gw pikir ini gambaran gmn pmerintahan pbw seutuhny, trtma gmn kepedulianny thdp rakyat. Mulai dr kurang sigapnya pbw, bhkn dia smpat k Rusia d tngah bencna, blm lg omongan ketua BNPB. Si Ferry dan bantuan 10M-nya ngga bakal muncul klo pemerintah cepat tanggap. Muaaaakkkk !!!",2025-12-16 15:57:26,1119881742121181184,0,0,0.0,in,2025-12-18T06:37:26.217616,2025-12-18_063726_manual
2000958357591712190,@RecehinAjaid Ganti semua pemerintah Indonesia dengan pemerintah Singapore atau Jepang,2025-12-16 15:57:03,36332891,0,0,0.0,in,2025-12-18T06:37:26.217616,2025-12-18_063726_manual
2000958345742606514,"Biar santai gayanya, tapi pesannya serius: Indonesia siap menjaga perdamaian, pemerintah kita ambil peran vital!",2025-12-16 15:57:00,1730798557467230208,0,0,0.0,in,2025-12-18T06:37:26.217616,2025-12-18_063726_manual
2000958345918697933,Tekad pemerintah untuk Papua nyata!,2025-12-16 15:57:00,1712178238733099008,0,0,0.0,in,2025-12-18T06:37:26.217616,2025-12-18_063726_manual
2000958228524622000,"Logika pemerintah dlm menentukan kebijakan anggaran dalam dua kejadian, satu musibah ambruknya bangunan pesantren, kedua bencana ekologis, Tapi liat sekarang, Pesantren dikasih 125 Milyar dari APBN ""dibangun kembali"" Bencana besar sumatera dikasih 4 Milyar per Kabupaten. GILA! https://t.co/stIDANgS05",2025-12-16 15:56:32,531487587,0,0,0.0,in,2025-12-18T06:37:26.217616,2025-12-18_063726_manual
2000955326141550792,"Pemerintah Aceh disebut mengirim surat ke Unicef dan UNDP untuk meminta keterlibatan dalam penanganan bencana. Namun, Gubernur Aceh Muzakir Manaf atau Mualem, mengaku tidak mengetahui adanya surat tersebut. ""Saya tidak mengerti, karena bukan kita yang buat. LSM yang buat,"" https://t.co/QHCKW7Cy99",2025-12-16 15:45:00,786549338818224128,0,0,0.0,in,2025-12-18T06:37:26.217616,2025-12-18_063726_manual
2000955325718127056,Pemerintah kita pimpin gerakan ekonomi baru!,2025-12-16 15:45:00,2820121123,0,0,0.0,in,2025-12-18T06:37:26.217616,2025-12-18_063726_manual
2000955315844780385,sedih bgttt ya allah adzab aja pemerintah di dunia dulu baru di akhirat nanti yg berkali-kali lipattt😭😭😭,2025-12-16 15:44:57,1311567661558460416,0,0,0.0,in,2025-12-18T06:37:26.217616,2025-12-18_063726_manual
2000955302141968544,"Hai #SobATRBPN, Kepala Kantor Pertanahan Kabupaten Pacitan melaksanakan koordinasi dengan Bagian Badan Keuangan dan Urusan Daerah (BKUD) Pemerintah Kabupaten Pacitan terkait penentuan lokasi integrasi Nomor Identifikasi Bidang (NIB) dan Nomor Objek Pajak (NOP). https://t.co/O6jQeqKUIU",2025-12-16 15:44:54,2922270884,0,0,0.0,in,2025-12-18T06:37:26.217616,2025-12-18_063726_manual
2000955257921343880,"Pemerintah Daerah Kabupaten Sumedang melalui Badan Perencanaan Pembangunan, Penelitian dan Pengembangan Daerah (Bappppeda), menyelenggarakan Rapat Koordinasi Efektivitas Program Pengentasan Kemiskinan Ekstrem, di Gedung Negara Sumedang, Selasa, 16 Desember 2025. https://t.co/03ItWvv7hr",2025-12-16 15:44:44,1108283556441157633,0,0,0.0,in,2025-12-18T06:37:26.217616,2025-12-18_063726_manual
2000955176438710295,"@indepenSumatera Semoga akhirat itu nyata ya, pak! Nggak tega ngelihat orang yang di dunia ini nggak punya daya, dan para pemerintah dungu itu harus mendapat balasan setimpal😔",2025-12-16 15:44:24,1527240643994472448,0,0,0.0,in,2025-12-18T06:37:26.217616,2025-12-18_063726_manual
2000955131278581958,"Sebenarnya saya mau bilang anjay sama pemerintah. Sebab sampai sekarang tak ada kejelasan penanganan secara kongkrit sampai hari ini. Cuma sibuk counter², bukan membangun sistem. Mungkin jika sampai hari ke-30 belum juga ada kejelasan, saya akan benar² bilang anjay.",2025-12-16 15:44:13,992735968200347649,0,0,0.0,in,2025-12-18T06:37:26.217616,2025-12-18_063726_manual
2000955104586076453,"Kementerian Ketenagakerjaan (Kemnaker) mengumumkan Peraturan Pemerintah (PP) Pengupahan telah ditandatangani Presiden Prabowo Subianto hari ini, Selasa (16/12). https://t.co/O3xZyRVUbP",2025-12-16 15:44:07,135795460,0,0,0.0,in,2025-12-18T06:37:26.217616,2025-12-18_063726_manual
2000955066023547386,@indepenSumatera Kalo bantuan PBB ditahan atau dikenakan pajak .. dapat dipastikan tragedi banjir di Sumatera bakal jadi International Headlines beserta bobroknya Pemerintah atas deforestasi dan kebijakan sawit,2025-12-16 15:43:58,299655411,0,0,0.0,in,2025-12-18T06:37:26.217616,2025-12-18_063726_manual
2000955050097881320,edan komunikasinya pemerintah sekarang. kok bisa begitu??! tolol kabeh. bjgn!,2025-12-16 15:43:54,324366813,0,0,0.0,in,2025-12-18T06:37:26.217616,2025-12-18_063726_manual
2000955032993402951,"ada yang bsa discuss gk? yg oposisi pemerintah, ayo open space. butuh perspektif baruu #makassar",2025-12-16 15:43:50,1755212052581548033,0,1,0.0,in,2025-12-18T06:37:26.217616,2025-12-18_063726_manual
2000954998725992599,Emang. Pejabat pemerintah mengkambinghitamkan swasta,2025-12-16 15:43:42,92970408,0,0,0.0,in,2025-12-18T06:37:26.217616,2025-12-18_063726_manual
2000954973962793304,"@tanyarlfes Ini real gak sih yg komen begini tuh manusia, bukan buzer? Soalnya situasi kayak gini pemerintah juga banyak nyewa buzer.",2025-12-16 15:43:36,1657777684192333826,0,0,0.0,in,2025-12-18T06:37:26.217616,2025-12-18_063726_manual
2000954973551780039,Ga usah ada pemerintah dong kalo gini. Warga bantu warga. Pinteran rakyatnya. Pemerintah macem apaan,2025-12-16 15:43:36,395229053,0,0,0.0,in,2025-12-18T06:37:26.217616,2025-12-18_063726_manual
2000954956476793178,Sebajingan itu pemerintah sekarang. Bangsat sebangsat bangsatnya,2025-12-16 15:43:32,1148940307527942144,0,0,0.0,in,2025-12-18T06:37:26.217616,2025-12-18_063726_manual
2000954941951893881,"...Semua yg minimal 3 hari terjun di lokasi2 bencana Sumatra (terutama di Aceh) pasti sepakat pada 1 kesimpulan: Bahwa siput/keong pun masih jauh lebih cepat ketimbang pemerintah pusat. Terlihat betul Aceh dianaktirikan. Ini Aceh bisa mundur 50 tahun ke belakang... (``,)",2025-12-16 15:43:28,1242374351078354944,0,0,0.0,in,2025-12-18T06:37:26.217616,2025-12-18_063726_manual
2000951520247054701,"@arman_dhani kita koar-koar gini akan tetep ada kaum yang bilang ""bodoh, orang jelas jelas bencana alam, nyalahin manusia terus, nyalahin pemerintah terus, siapa yang mau dipenjara? hujan?"" 😭 salah 2 turunannya nih Julian & lampung people (terlampir) https://t.co/PhAK9jMsRz",2025-12-16 15:29:52,1261560762415190016,0,0,0.0,in,2025-12-18T06:37:26.217616,2025-12-18_063726_manual
2000951401082700108,"BISA GAK? PEJABAT, PEMERINTAH, HELLO!! BISA KERJA GAK? BISAA TOLONG PARA KORBAN SELAMAT, DI ALOKASIKAN KE DAERAH YANG AMAN? YANG GAK KENA BANJIR SUSULAN? HELLO?",2025-12-16 15:29:24,1074197246336393216,0,0,0.0,in,2025-12-18T06:37:26.217616,2025-12-18_063726_manual
2000951366001602974,"Kementerian Sosial menyalurkan bantuan kemanusiaan senilai Rp9,04 miliar kepada Pemerintah Provinsi Aceh pada Selasa, (16/12/2025). https://t.co/wuE08YBXKV",2025-12-16 15:29:16,275580050,0,0,0.0,in,2025-12-18T06:37:26.217616,2025-12-18_063726_manual
2000951107108155778,"Pemerintah pusat masih pandir, padahal ini soal nyawa manusia, belum lagi soal masa depan",2025-12-16 15:28:14,137052365,0,0,0.0,in,2025-12-18T06:37:26.217616,2025-12-18_063726_manual
2000951023121379394,@adekcentil ayo misuhin pemerintah sampe rezim hancur berserakan,2025-12-16 15:27:54,1886417573174222848,0,0,0.0,in,2025-12-18T06:37:26.217616,2025-12-18_063726_manual
2000951017521996200,@bagindo_kopi Pemerintah takut dunia internasional tahu betapa dahsyatnya kerusakan hutan di Indonesia dan betapa dahsyatnya bencana yg terjadi.,2025-12-16 15:27:53,855054841751588864,1,0,0.0005120327700972862,in,2025-12-18T06:37:26.217616,2025-12-18_063726_manual
2000950997527748631,"duh on sini jgan buat hujat pemerintah deh, merusak tl bgt",2025-12-16 15:27:48,1636381154915008518,0,0,0.0,in,2025-12-18T06:37:26.217616,2025-12-18_063726_manual
2000950989546045865,PEMERINTAH INDONESIA DAN KAWANANNYA,2025-12-16 15:27:46,1205756501651968000,0,0,0.0,in,2025-12-18T06:37:26.217616,2025-12-18_063726_manual
2000950952602513580,"bajingan, keparat baiknya mereka masuk neraka sepenggal lirik yg cocok untuk pemerintah yg cuma mentingin urusan mereka, ga mikirin rakyat.",2025-12-16 15:27:37,1419341045448413187,0,0,0.0,in,2025-12-18T06:37:26.217616,2025-12-18_063726_manual
2000950796385706159,"Prosesnya nggak main-main: usulan berjenjang, kajian mendalam. Pemerintah serius hargain pejuang bangsa. Kita sambut positif!",2025-12-16 15:27:00,1705409654946160642,0,0,0.0,in,2025-12-18T06:37:26.217616,2025-12-18_063726_manual
2000950776638923013,@indepenSumatera Pemerintah Republik Indonesia maupun DPR RI terlalu pandir urus nyawa Rakyat Sumatera. Sok gengsi padahal tipu...,2025-12-16 15:26:55,137052365,0,0,0.0,in,2025-12-18T06:37:26.217616,2025-12-18_063726_manual
2000950734620385475,maaff body shaming TAPI LU TAI JADI PEMERINTAH,2025-12-16 15:26:45,1431080360641634304,0,0,0.0,in,2025-12-18T06:37:26.217616,2025-12-18_063726_manual
2000950675501670457,"@opiezahra Betul bertahap, bertahap tp kelihatan ada step stepnya. Ini sudah lebih 2 minggu jalan blm sampai ke semua titik. Apalagi ucapan dr pemerintah yg tdk sejalan dgn kenyataan.",2025-12-16 15:26:31,1669345433674731522,0,0,0.0,in,2025-12-18T06:37:26.217616,2025-12-18_063726_manual
2000950637908123718,Kok cek tegone pemerintah iki dalam menangani bencana koyok ngene,2025-12-16 15:26:22,1964004398,0,0,0.0,in,2025-12-18T06:37:26.217616,2025-12-18_063726_manual
2000950554286284913,Pusing liat kelakuan pemerintah,2025-12-16 15:26:02,1820031426387136512,0,0,0.0,in,2025-12-18T06:37:26.217616,2025-12-18_063726_manual
2000950544228343911,"""Indonesia Emas bukan cuma mimpi kalau kebijakan publiknya benar-benar berbasis bukti dan inklusif. Pemerintah, we got your back!""",2025-12-16 15:26:00,247915287,0,0,0.0,in,2025-12-18T06:37:26.217616,2025-12-18_063726_manual
2000947786767097932,"Putus asa sama pemerintah itu, GPP kalau ngerasa pemerintah se zonk ini, bener dan itu GPP, yang pasti tetap jaga keyakinan sama Allah Azza wajalla, Tidak ada kata putus asa untuk pertolongan Allah, ayok kita tunggu",2025-12-16 15:15:02,1567930206056488960,0,0,0.0,in,2025-12-18T06:37:26.217616,2025-12-18_063726_manual
2000947776260096017,"""Dukung terus! Pemerintah jaga perdamaian dan kemandirian pertahanan!"",",2025-12-16 15:15:00,1725795117787688960,0,0,0.0,in,2025-12-18T06:37:26.217616,2025-12-18_063726_manual
2000947677320896810,Pemerintah yg childish,2025-12-16 15:14:36,1114019304314290177,0,0,0.0,in,2025-12-18T06:37:26.217616,2025-12-18_063726_manual
2000947651014258911,kuncinya adalah childfree STOP BIKIN ANAK because MORE CHILD = MORE COMODITY alias tenaga kerja upah murah melimpah yang siap dimanfaatkan pemerintah x swasta,2025-12-16 15:14:30,1760965960415232000,0,0,0.0,in,2025-12-18T06:37:26.217616,2025-12-18_063726_manual
2000947564804497529,"@KangManto123 prabowo memang tidak pantas ajdi presiden. di saat bencana sumatera belum selesai dan ternyata penebangan hutan jadi salah satu penyebab bencana, prabowo sebagai presiden justru membuat pernyataan yang menunjukkan bahwa pemerintah tidak pernah belajar untuk menahan keserakahannya",2025-12-16 15:14:09,1570111918056312837,0,0,0.0,in,2025-12-18T06:37:26.217616,2025-12-18_063726_manual
2000947536429994224,@republikaonline Utk menyadarkan pejabat pemerintah harus pake bahasa apa yaa ??,2025-12-16 15:14:03,1147288298,0,0,0.0,in,2025-12-18T06:37:26.217616,2025-12-18_063726_manual
2000947525138743546,Pemerintah dan masyarakat harus sama-sama jaga kelestarian budaya agar masa depan budaya cerah. https://t.co/eUkAajOKNS,2025-12-16 15:14:00,863353088471683072,0,0,0.0,in,2025-12-18T06:37:26.217616,2025-12-18_063726_manual
2000947494927446459,Bgst hari hari buka sosmed cuma liat ketololan pemerintah,2025-12-16 15:13:53,1874428675028062208,0,0,0.0,in,2025-12-18T06:37:26.217616,2025-12-18_063726_manual
2000947480847134739,Cc @prabowo @bang_dasco @Gerindra @msaid_didu @sudirmansaid @elisa_jkt @OmbudsmanRI137 inga inga... jejak digital tak bisa dihapus. #BencanaSumateraBencanaNasional #BencanaSumateraBencanaNasional https://t.co/XQFNR9djM5 https://t.co/j5LvgMbYbx,2025-12-16 15:13:49,1133917042795356160,1,1,0.003745318352059925,in,2025-12-18T06:37:26.217616,2025-12-18_063726_manual
2000947431899541722,PEMERINTAH PUSAT GOBLOGGGGG!!!,2025-12-16 15:13:38,1173867675551854592,0,0,0.0,in,2025-12-18T06:37:26.217616,2025-12-18_063726_manual
2000947346423865578,apasih ini pemerintah kaya kontol semua dah,2025-12-16 15:13:17,1267398731617296384,0,0,0.0,in,2025-12-18T06:37:26.217616,2025-12-18_063726_manual
2000947341508141106,Menko Infra AHY melepas 19 truk bantuan kemanusiaan untuk Sumatra sebagai wujud kepedulian dan solidaritas. Kolaborasi pemerintah dan dunia usaha jadi kunci agar bantuan cepat sampai dan tepat sasaran. 🤝🚚 https://t.co/JANq8wu0sG,2025-12-16 15:13:16,1996053616634028032,0,0,0.0,in,2025-12-18T06:37:26.217616,2025-12-18_063726_manual
2000947326119191028,@firhidz Pemerintah maunya apa si kocak bgt dah anjir,2025-12-16 15:13:13,1396005514761302016,0,0,0.0,in,2025-12-18T06:37:26.217616,2025-12-18_063726_manual
2000947273354674505,Solid bareng pemerintah agar radikalisasi nggak menang,2025-12-16 15:13:00,1537362800586412032,0,0,0.0,in,2025-12-18T06:37:26.217616,2025-12-18_063726_manual
2000947241037783344,@indepenSumatera Ini sepertinya modus.masa loe ksh barang riject.kalo pemerintah sudah tidak mampu ya akui saja.,2025-12-16 15:12:52,1094847785130573824,0,0,0.0,in,2025-12-18T06:37:26.217616,2025-12-18_063726_manual
2000947235258032412,@indepenSumatera Bacot lah si wowo. Swasta lebih beres nata kota dibanding pemerintah,2025-12-16 15:12:51,1187946002965127168,0,0,0.0,in,2025-12-18T06:37:26.217616,2025-12-18_063726_manual
2000947197979083033,"Tapi emng bener, akhir² ini gue stress bgt liat berita pemerintah disini. Lagi banyak bencana, gabisa nanganin malah yapping mulu. Nangis🥲",2025-12-16 15:12:42,1291786551693733890,0,0,0.0,in,2025-12-18T06:37:26.217616,2025-12-18_063726_manual
2000944008680628564,Emosi dias habis buat pemerintah wkwk,2025-12-16 15:00:02,1283003090401030144,0,0,0.0,in,2025-12-18T06:37:26.217616,2025-12-18_063726_manual
2000943948282634505,Kalo warga bantu warga trs. Ape gunenya ni pemerintah. Ganti aja ama warga😔,2025-12-16 14:59:47,3013078513,0,0,0.0,in,2025-12-18T06:37:26.217616,2025-12-18_063726_manual
2000943916754067815,"Gaada kata yang bisa ngegambarin kebengisan pemerintah Indo saat ini. Gaboleh hukumannya akhirat aja, harus didunia juga!!!",2025-12-16 14:59:40,1909983820599996416,0,0,0.0,in,2025-12-18T06:37:26.217616,2025-12-18_063726_manual
2000943838832288055,@ferrykoto @SyedAkramin Itu mwntrinya agak NPD sama SDE ? Padahal bisa aja kerja2 masyarakat lihat hasil. Framing2 biarlah dahulu yg penting hasil kelihatan. Penting banget kah pemerintah kelihatan kerja begitu. Kok rasanya kurang sense of urgency,2025-12-16 14:59:21,67007917,0,0,0.0,in,2025-12-18T06:37:26.217616,2025-12-18_063726_manual
2000943800580239373,@roomatezism Ai ku sering belain pemerintah suruh liat berbagai sisi,2025-12-16 14:59:12,1780421495363436544,0,0,0.0,in,2025-12-18T06:37:26.217616,2025-12-18_063726_manual
2000943796641783908,pemerintah sintiiinggg,2025-12-16 14:59:11,1210026512147070976,0,0,0.0,in,2025-12-18T06:37:26.217616,2025-12-18_063726_manual
2000943749594276331,"Ridwan Bae Kritik Mitigasi yang Terlalu Reaktif, Pemerintah Diminta Perkuat Sistem Peringatan Dini #bahlillahadalia #kuningkeren #golkarindonesia #partaigolkar #golkarpedia https://t.co/NOiyS05FBz",2025-12-16 14:59:00,721898354502930433,0,0,0.0,in,2025-12-18T06:37:26.217616,2025-12-18_063726_manual
2000943749925351490,"Pemerintah fokus untuk kesejahteraan, pertumbuhan ekonomi makin mantap!,",2025-12-16 14:59:00,862886653911760896,0,0,0.0,in,2025-12-18T06:37:26.217616,2025-12-18_063726_manual
2000943651804094544,Pemerintah useless. Gak usah digaji ajalah kalian. Ngapain digaji gede2 tunjangan ini itu kalo kerja aja gak becus buat rakyat,2025-12-16 14:58:36,160509998,0,0,0.0,in,2025-12-18T06:37:26.217616,2025-12-18_063726_manual
2000943545268764755,Me to pemerintah indo: https://t.co/SC9i4CFud2,2025-12-16 14:58:11,761629441,0,0,0.0,in,2025-12-18T06:37:26.217616,2025-12-18_063726_manual
2000943501387936071,"Sementara itu, Ketua Tim Kampanye Hutan Greenpeace Arie Rompas, mendesak pemerintah mengumumkan 22 perusahaan yang dicabut izinnya sebagai bentuk transparansi ke publik. Ia menilai akan ada potensi kongkalikong jika nama-nama perusahaan itu tidak diumumkan. Selain itu, ia juga https://t.co/1gYpHM7TdC",2025-12-16 14:58:01,1808408529734361091,0,0,0.0,in,2025-12-18T06:37:26.217616,2025-12-18_063726_manual
2000943502839177397,@KangManto123 lha wong pemerintah pusat ndak gercep,2025-12-16 14:58:01,897039590992756736,0,0,0.0,in,2025-12-18T06:37:26.217616,2025-12-18_063726_manual
2000943456903111061,"Pemerintah lagi evaluasi besar-besaran terhadap Perizinan Berusaha Pemanfaatan Hutan (PBPH) imbas bencana banjir dan longsor di Sumatra. Kementerian Kehutanan bakal cabut izin 22 perusahaan yang melanggar aturan usai diperintahkan Presiden Prabowo. Nah, Prabowo klaim enggak https://t.co/NLKyQTX2GF",2025-12-16 14:57:50,1808408529734361091,0,0,0.0,in,2025-12-18T06:37:26.217616,2025-12-18_063726_manual
2000943388158517567,@AirinDatangLagi Justru mestinya pemerintah introspeksi. Kenapa Aceh bisa sampai minta bantuan badan luar negeri...karena dalem negerinya udah gak bisa diharepin...dan memang bener! Woo @prabowo .. emang agak laen anak2 buah lo.,2025-12-16 14:57:34,1446267349,0,0,0.0,in,2025-12-18T06:37:26.217616,2025-12-18_063726_manual
2000943366297780553,@enamorsz aku yg udah cape sma pemerintah 🤯,2025-12-16 14:57:28,1508536981071925249,0,0,0.0,in,2025-12-18T06:37:26.217616,2025-12-18_063726_manual
2000943341383639146,@punaidaon nyindir pemerintah termasuk gak yaaa,2025-12-16 14:57:22,833338190601687040,0,0,0.0,in,2025-12-18T06:37:26.217616,2025-12-18_063726_manual
2000943326338642291,Pemerintah Indonesia jd kompeten semua,2025-12-16 14:57:19,80460694,0,0,0.0,in,2025-12-18T06:37:26.217616,2025-12-18_063726_manual
2000940257936855417,"Dengan fondasi yang solid, pemerintah yakin ekonomi nasional tumbuh di atas 5%. https://t.co/HI6d8yuPKL",2025-12-16 14:45:07,1370392524754350082,0,0,0.0,in,2025-12-18T06:37:26.217616,2025-12-18_063726_manual
2000940257328697707,"@Isxdfcs ayo kak jgn lupa makan, km jg butuh energi buat misuhin pemerintah",2025-12-16 14:45:07,1943750240,0,0,0.0,in,2025-12-18T06:37:26.217616,2025-12-18_063726_manual
2000940253188870287,"@KangManto123 Sudah lahan utk nanemnya ga bisa menyerap air dan bikin banjir & longsor, produk BBMnya pun bakal merusak mesin kendaraan. Gw heran, knp Pemerintah ngotot banget sama sawit 😑 ""Mengurangi impor minyak""? Don't give me that crap. Apa emg tujuannya mau ngerusak kendaraan ICE milik",2025-12-16 14:45:06,1963611322681368576,0,0,0.0,in,2025-12-18T06:37:26.217616,2025-12-18_063726_manual
2000940252647788619,@arumanjani_ @Rian__Az @Metro_TV Emang tujuannya utk diskriditkan Pemerintah dan buat sensasi keributan. Maklum jarang orang kita check and recheck . Makanya mudah sekali kena adu-domba.,2025-12-16 14:45:06,1866275716893200384,0,0,0.0,in,2025-12-18T06:37:26.217616,2025-12-18_063726_manual
2000940235455389864,"@arman_dhani @nisjunoy_ pemerintah mah hengkang kaki doang keknya, otaknya mah tenggelem di laut itu makanya ga ada otaknya😇",2025-12-16 14:45:02,1087495776719106053,0,0,0.0,in,2025-12-18T06:37:26.217616,2025-12-18_063726_manual
2000940229134606383,"@nabiylarisfa Indonesia hanya pulau jawa. Ribuan orang meninggal,pemerintah pusat masih aja npd, acuh tak acuh,buta, tuli.",2025-12-16 14:45:00,1685406862362206208,0,0,0.0,in,2025-12-18T06:37:26.217616,2025-12-18_063726_manual
2000940160146661430,@VitaraUniverse @pengennyetir omelin aja bang..rombongannya dah pada out semua..cabang2nya juga dah pada ditutup disisain 5-6 doang ntar..buahahaha...dah bisa ngoceh2 gw..boncos banyak akuisisi si siti dan udah ga kepake ama pemerintah lg buat ban serep#eh.. ganti pemain ke temennya sama2 3 hurup..,2025-12-16 14:44:44,1635747500081680385,0,0,0.0,in,2025-12-18T06:37:26.217616,2025-12-18_063726_manual
2000940105390022757,@yoogiiss buat pemerintah yah,2025-12-16 14:44:31,1789131600166600704,0,0,0.0,in,2025-12-18T06:37:26.217616,2025-12-18_063726_manual
2000940101686452353,"@isntmockingjay IKN gaya arsitekturnya memang brutalis, karena pemerintah bersikap brutah terhadap rakyatnya",2025-12-16 14:44:30,1926120287898144769,0,0,0.0,in,2025-12-18T06:37:26.217616,2025-12-18_063726_manual
2000940047756091655,"@stravenues Universitas Muhammadiyah Purwokerto, satu satunya kampus yang bisa ngasih tekanan ke pemerintah buat belokin jalur transjateng di Banyumas 🤣",2025-12-16 14:44:17,1383109916873793536,0,0,0.0,in,2025-12-18T06:37:26.217616,2025-12-18_063726_manual
2000940000196935766,"Belum juga 5 menit gue buka x, dah naik darah aja. Pada tolol anjing, pemerintah ni kapan benernya",2025-12-16 14:44:06,1416381500870725632,0,0,0.0,in,2025-12-18T06:37:26.217616,2025-12-18_063726_manual
2000939996669469149,"@ARSIPAJA To Papua: TOLAK!!! Be smart and be hateful for sawit, sawit sekarang hanyalah kedok. Sebuah bisnis haram untuk pemerintah.",2025-12-16 14:44:05,1741787656198270976,0,0,0.0,in,2025-12-18T06:37:26.217616,2025-12-18_063726_manual
2000939959616987378,"orang2 ni pada kenapa ya, mengkritisi pemerintah sllu bawa2 ""barisan sakit hati"" ""anak abah"" yaampun kyk gaada kata lain. balas lah pake argumen🤭",2025-12-16 14:43:56,1237156589951311872,0,0,0.0,in,2025-12-18T06:37:26.217616,2025-12-18_063726_manual
2000939937122935266,@jilulisme Turunin aja dr pemerintah udah,2025-12-16 14:43:51,1632468586047606784,0,0,0.0,in,2025-12-18T06:37:26.217616,2025-12-18_063726_manual
2000939926532358418,@tanyakanrl buka tiktok serasa liat kandang monyet ahaha isinya orang orang tolol dan buzzer penjilat rezim pemerintah,2025-12-16 14:43:48,1242124720138379268,0,0,0.0,in,2025-12-18T06:37:26.217616,2025-12-18_063726_manual
2000939852293136744,"Hallo #sahabatdisdik Dinas Pendidikan Provinsi DKI Jakarta kembali meraih prestasi nasional pada tahun 2025. Disdik DKI Jakarta menerima PTP Connect Award 2025 kategori Pemerintah Daerah-Adaptive Distance Learning Award, serta Anugerah Pemanfaatan Data Pendidikan https://t.co/xk8Wx8vYnR",2025-12-16 14:43:31,941916333301567488,0,0,0.0,in,2025-12-18T06:37:26.217616,2025-12-18_063726_manual
2000939782499918246,"#Repost Halo #SobATRBPN, Kehadiran pemerintah melalui Reforma Agraria tidak berhenti pada pemberian akses atas tanah semata, tetapi juga diwujudkan melalui upaya membangun kekuatan bersama masyarakat. Selengkapnya, simak video berikut ya, Sob☝🏼 #IndonesiaLengkap #ATRBPN",2025-12-16 14:43:14,1478943836806148098,0,0,0.0,in,2025-12-18T06:37:26.217616,2025-12-18_063726_manual
2000933220423250268,arek iki bekingane pemerintah prancis loh ya 😂😂,2025-12-16 14:17:09,1380903415526531073,0,0,0.0,in,2025-12-18T06:37:26.217616,2025-12-18_063726_manual
2000933161853968806,"Gw salah satunya, nikah dan punya anak dengan pemerintah kayak gini sounds really scary",2025-12-16 14:16:55,1538016981961453576,0,0,0.0,in,2025-12-18T06:37:26.217616,2025-12-18_063726_manual
2000933099455357169,"Ketahanan Pangan Terjaga, Pemerintah Salurkan 44.000 Ton Beras ke Wilayah Bencana Sumatera Simak Selengkapnya : https://t.co/2gdOU1srur Baca artikel lainnya di : https://t.co/fH6UsGK7Aw #News #MostUpdate #Pangan #BencsnaSumatra",2025-12-16 14:16:41,85805755,0,0,0.0,in,2025-12-18T06:37:26.217616,2025-12-18_063726_manual
2000933093847556120,Pemerintah punya semua tapi belum kerja,2025-12-16 14:16:39,790052680890658816,0,0,0.0,in,2025-12-18T06:37:26.217616,2025-12-18_063726_manual
2000933073307996298,Pemerintah Longgarkan KUR Selama Tiga Tahun buat Korban Bencana Sumatra https://t.co/u5kZxaZz0B,2025-12-16 14:16:34,848614550,0,0,0.0,in,2025-12-18T06:37:26.217616,2025-12-18_063726_manual
2000932946912674136,"kita semua menyaksikan betapa saudara² kita & relawan tanpa campur tangan pemerintah benar-benar berjuang agar bertahan hidup. keadaan sungguh jauh dari layak. gubernur Aceh bahkan meminta maaf atas keadaan ini, banyak keluarga yang hilang, mayat dimana-mana, kelaparan kedinginan",2025-12-16 14:16:04,1704822331762483200,0,0,0.0,in,2025-12-18T06:37:26.217616,2025-12-18_063726_manual
2000932906018201700,"tadi sempet lewat twt psikolog banyak kliennya depresi grgr kondisi Indonesia saat ini... jujur ini emg berdampak bgt cok, gua tiap buka twt jd kaya org stres. liat berita aneh dr pemerintah gw lgsg, lu paham gasi, gua kaya mau jambak rambut sendiri saking gregetannya saban hari-",2025-12-16 14:15:54,1767014044756803584,0,0,0.0,in,2025-12-18T06:37:26.217616,2025-12-18_063726_manual
2000932895398265090,"@indepenSumatera Aku sebagai manusia yang tinggal di jawa sedih banget berita kayak gimi pemerintah pusat kurang tanggap, mentrinya bikin statmen tolol dan banyak blundernya, tambah kebijakan kebijakan yang ngaco jika suatu saat pulau pulau yang kurang diurus sama pemerintah terus ada brita cont",2025-12-16 14:15:52,1261643684967153668,0,0,0.0,in,2025-12-18T06:37:26.217616,2025-12-18_063726_manual
2000932776149966890,"@noucampline Pemerintah adalah cerminan rakyatnya, sama-sama GOBLOK.",2025-12-16 14:15:24,1840887945685057540,0,0,0.0,in,2025-12-18T06:37:26.217616,2025-12-18_063726_manual
2000932760387780689,"udah cape banget baca berita tentang pemerintah, kaya gaabis-abis anjir omongan nya😩",2025-12-16 14:15:20,262495915,0,0,0.0,in,2025-12-18T06:37:26.217616,2025-12-18_063726_manual
2000932681081872599,"@djadja222 @KuroNekoBanser @hujanyangturun_ Banyak yg mau Nanny State dimana semuanya diurus oleh pemerintah tanpa kontribusi publik , kecuali secuil pajak🤡",2025-12-16 14:15:01,1048099082261155840,1,0,0.0029940119760479044,in,2025-12-18T06:37:26.217616,2025-12-18_063726_manual
2000932676996620499,Kolaborasi pemerintah dan sektor swasta dorong industrialisasi lokal Ini fokus pada create jobs dan tingkatkan competitiveness ekonomi nasional,2025-12-16 14:15:00,3047255970,0,0,0.0,in,2025-12-18T06:37:26.217616,2025-12-18_063726_manual
2000932609455800553,"@GoodRecom Entah kenapa bagi aku yg nge up berita2 bodoh kayak gini hampir sama dgn buzzer pemerintah, biar masyarakat segera lupa ribuan nyawa hilang di sumatera",2025-12-16 14:14:44,1579122381074755584,0,0,0.0,in,2025-12-18T06:37:26.217616,2025-12-18_063726_manual
2000932591613173979,Beneran gw gabisa maafin ini rezim dunia akhirat ya Allah kaya bener2 benci bgttttttt ada yg pemerintah sejahat ini,2025-12-16 14:14:40,1037761738526023681,0,0,0.0,in,2025-12-18T06:37:26.217616,2025-12-18_063726_manual
2000932578422100083,"@cuisirne Lama-lama nyusahin guru ini jadi kink pemerintah deh, lagian mereka lupa apa ada sppg sendiri???",2025-12-16 14:14:36,1942271946118553601,0,0,0.0,in,2025-12-18T06:37:26.217616,2025-12-18_063726_manual
2000932565520367859,"@Kanseulir Mantap bgt anak ini...mending kamu yg jadi pejabat, menteri dripada smua pjabat pemerintah tolol skrg ini",2025-12-16 14:14:33,50601376,0,0,0.0,in,2025-12-18T06:37:26.217616,2025-12-18_063726_manual
2000931915076100158,"@ruliemaulana akun sumatra independen, postingannya di take down sm komdigi dan di krim email juga kalo postinganmya itu melanggar (mengkritik pemerintah) dan bbrp vid soal Sumatra",2025-12-16 14:11:58,1267279682329702401,0,0,0.0,in,2025-12-18T06:37:26.217616,2025-12-18_063726_manual
2000931899804672175,"@AntoniusCDN @prabowo @setkabgoid @KemenkesRI RSUD yang notaben nya PNS/ASN semua. Sekelas RSUD yang gaji mereka dari pemerintah dari rakyat, tapi semena2 dalam melayani. Susahnya tinggal dinegara yang menjamin kesehatan rakyatnya tapi dilayani dengan cara yang merepotkan bahkan berbelit-belit hanya untuk ketemu dokter.",2025-12-16 14:11:55,1801472578927923202,0,0,0.0,in,2025-12-18T06:37:26.217616,2025-12-18_063726_manual
2000931878317253004,"@satyabumi Negara dihadirkan oleh pemerintah saat akan memalak pajak Rakyat, tp menghilang disembunyikan pemerintah saat ada bencana",2025-12-16 14:11:49,1489075530729091072,0,0,0.0,in,2025-12-18T06:37:26.217616,2025-12-18_063726_manual
2000931872449421642,Hal ini ditegaskannya sekaligus merespons adanya pihak yang menyebut pemerintah tidak hadir untuk menangani bencana di Sumatera. Prabowo berpandangan bahwa opini kebohongan itu dikeluarkan oleh pihak yang khawatir Indonesia kuat.,2025-12-16 14:11:48,1600392254845161472,0,0,0.0,in,2025-12-18T06:37:26.217616,2025-12-18_063726_manual
2000931835128504463,"Pemerintah Kabupaten (Pemkab) Mukomuko, Provinsi Bengkulu, mengusulkan penambahan dua lokasi Kampung Nelayan Merah Putih (KNMP) kepada Kementerian Kelautan dan Perikanan.https://t.co/yMQkQrGIq6",2025-12-16 14:11:39,423220305,0,0,0.0,in,2025-12-18T06:37:26.217616,2025-12-18_063726_manual
2000931820951756823,Pemerintah gak suka liat ini,2025-12-16 14:11:36,1909589743123546114,0,0,0.0,in,2025-12-18T06:37:26.217616,2025-12-18_063726_manual
2000931755046650182,Stress bgt liat tl isinya pemerintah terus. Lebih binatang daripada binarang itu sendiri kelakuannya. Demn,2025-12-16 14:11:20,545085161,0,0,0.0,in,2025-12-18T06:37:26.217616,2025-12-18_063726_manual
2000931738638541044,"@EvaE47201 @MuhammadTuhasan Emang pemerintah pantas di HINA, tapi anda dan kaum anda kenapa gak Terima? Emang di Sumatera sudah normal kembali.. Lihat pakai mata BEGOK.. Listrik belum nyala Njing",2025-12-16 14:11:16,1608833472780730371,0,0,0.0,in,2025-12-18T06:37:26.217616,2025-12-18_063726_manual
2000931723362943454,"Dengan segala keriuhan dan kebodohan yang ditunjukkan pemerintah, hrusny orng2 sadar y. Tapi masalahnya pas pemilu juga mayoritas pemilih 02 bukan yang hidup di dunia maya, opini terbentuk dari janji bantuan dan ketakutan tidak diberi bantuan.",2025-12-16 14:11:13,516503207,0,0,0.0,in,2025-12-18T06:37:26.217616,2025-12-18_063726_manual
2000931721852936640,@yapaham Jgn kek pemerintah kmu omon2 doang,2025-12-16 14:11:12,1190193882484494337,0,0,0.0,in,2025-12-18T06:37:26.217616,2025-12-18_063726_manual
2000931522023682470,"Bawa Bantuan Pemerintah ke Aceh Tengah, Menko AHY Pastikan Pemulihan Infrastruktur Vital untuk Warga Terdampak. AHY Peduli PD Reforestasi https://t.co/yMaBmmhW6l",2025-12-16 14:10:25,1962110720071655424,0,0,0.0,in,2025-12-18T06:37:26.217616,2025-12-18_063726_manual
2000931438997438569,@sharpandshark Bangsa ini udah gak perlu pemerintah... Rakyatnya bisa mengurus diri sendiri dan warga-bantu-warga sudah cukup...,2025-12-16 14:10:05,80559922,0,0,0.0,in,2025-12-18T06:37:26.217616,2025-12-18_063726_manual
2000931418352853341,Kolaborasi pemerintah dan sektor swasta dorong industrialisasi lokal Ini langkah strategis untuk create jobs dan tingkatkan competitiveness,2025-12-16 14:10:00,3312371868,0,0,0.0,in,2025-12-18T06:37:26.217616,2025-12-18_063726_manual
2000931335368794400,"Presiden RI Prabowo menegaskan bahwa pemerintah Republik Indonesia kuat, termasuk dalam menangani bencana yang terjadi di Sumatera. Kepala negara menyebutkan bahwa ada puluhan helikopter yang dikerahkan untuk membantu penanganan bencana di tiga provinsi Sumatera.",2025-12-16 14:09:40,1600392254845161472,0,0,0.0,in,2025-12-18T06:37:26.217616,2025-12-18_063726_manual
2000931327949025460,"@kakavashy bacanya ikut sakit hati. sumpah kadang heran pemerintah tuh suka suka mereka krn ga ngerasain langsung, jd nyepelein bgt",2025-12-16 14:09:38,1738472207687569408,0,0,0.0,in,2025-12-18T06:37:26.217616,2025-12-18_063726_manual
2000931324564316180,Gilaa pemerintah gila,2025-12-16 14:09:37,1014668659845783552,0,0,0.0,in,2025-12-18T06:37:26.217616,2025-12-18_063726_manual
2000931280683512094,walkot jakpus ngapain si di terima kasihin grgr bikin aspal di depan bangunan sd😅 kan kewajiban elu pemerintah kasih fasilitas layak di lingkungan sekolah. drdl kemane ajee dari gue sd sampe dah kerja gini ga di perbaiki? ohh iyee mau abisin anggaran taunan yg lg melejit ini yh,2025-12-16 14:09:27,1723368292130369536,0,0,0.0,in,2025-12-18T06:37:26.217616,2025-12-18_063726_manual
2000923291301863852,sodara emak gua org terzolim setelah pemerintah☺️,2025-12-16 13:37:42,1014868466623549441,0,0,0.0,in,2025-12-18T06:37:26.217616,2025-12-18_063726_manual
2000923259794284622,"LBH AP PP Muhammadiyah akan menempuh jalur hukum (gugatan class action), jika pemerintah pusat tidak segera menetapkan status darurat bencana nasional di Aceh, Sumut dan Sumbar. Here We Go ‼ https://t.co/4lz0dTPJXu",2025-12-16 13:37:35,72331131,0,0,0.0,in,2025-12-18T06:37:26.217616,2025-12-18_063726_manual
2000923218211955046,"Prabowo juga membantah tuduhan yang menyebut pemerintah tak hadir berkontribusi dalam penanganan bencana. Ia menjelaskan jika negara sudah mengerahkan kekuatan yang besar untuk mengatasi bencana alam di Sumatera, dan tentu juga membantu para korban yang terdampak.",2025-12-16 13:37:25,1816136300145303553,0,0,0.0,in,2025-12-18T06:37:26.217616,2025-12-18_063726_manual
2000923215766651287,demi Allah gak pernah sebenci ini sama pemerintah Indonesia,2025-12-16 13:37:24,1247546441976799235,0,0,0.0,in,2025-12-18T06:37:26.217616,2025-12-18_063726_manual
2000923120006521187,anak anak koruptor ini kayanya ada kesepakatan soal bapaknya terus tugasnya bikin rame (su'udzon terhadap pemerintah),2025-12-16 13:37:01,290607779,0,0,0.0,in,2025-12-18T06:37:26.217616,2025-12-18_063726_manual
2000923104001057248,@xylans Nih manusia2 gak tau diri gak mikir.. gak sampe 15% org di indo lapor pph dan gak semua harus bayar. Pemerintah kalo gak nambang dan jualan hasil alam..mau dapat pajak buat biayain mereka darimana,2025-12-16 13:36:58,204814981,0,0,0.0,in,2025-12-18T06:37:26.217616,2025-12-18_063726_manual
2000923078403219817,"Login. Waktu itu nulis ini maksudnya buat isriwil, skrng bisa buat pemerintah Indonesia juga kyknya 🙄🙄",2025-12-16 13:36:51,1435754361016094720,0,0,0.0,in,2025-12-18T06:37:26.217616,2025-12-18_063726_manual
2000923011298595309,"@tempodotco Ada yg takut kalo jadi bencana nasional smua bisa diusut. Deforestasi bisa di lihat dunia dan kebusukan"" pemerintah dilihat dunia. Pdahal yg dibangga""kan indonesia ke dunia itu luas hutannya. Ternyata smua habis..",2025-12-16 13:36:35,1301494901620707331,0,0,0.0,in,2025-12-18T06:37:26.217616,2025-12-18_063726_manual
2000922996589076480,"@HoctGirl Gue ngerti skrng kenapa tata kota di berbagai kota di Indonesia itu dibikin buruk?! Ya biar perumahan2 yang kaya gini laku, sama kaya pelayanan rumah sakit pemerintah dibuat buruk, ya biar rumah sakit swasta laku dan orang2 berobat ke rumah sakit swasta..",2025-12-16 13:36:32,1909698916586778624,0,0,0.0,in,2025-12-18T06:37:26.217616,2025-12-18_063726_manual
2000922773091446887,@dialogsenja__ Pemerintah kontol,2025-12-16 13:35:39,1173963129060876288,0,0,0.0,in,2025-12-18T06:37:26.217616,2025-12-18_063726_manual
2000922775759020536,"@KangManto123 Aceh merdeka sekarang make sense banget, dizolimi sama pemerintah pusat sendiri",2025-12-16 13:35:39,1112584961003945984,0,0,0.0,in,2025-12-18T06:37:26.217616,2025-12-18_063726_manual
2000922636625596556,pemerintah indonesia emg harus patut di samain kaya zionist,2025-12-16 13:35:06,1932357784915603456,0,0,0.0,in,2025-12-18T06:37:26.217616,2025-12-18_063726_manual
2000922553104343116,@BebySoSweet Betul.. akhirnya hastahg .. Indonesia gelap jadi kenyataan. Pemerintah jadi bokek.. Cekak. Bantuan ke Aceh tidak punya anggaran.,2025-12-16 13:34:46,1705475303571861504,0,0,0.0,in,2025-12-18T06:37:26.217616,2025-12-18_063726_manual
2000922498955973122,"@tanyarlfes kl mau jawaban yang serius, kita sebagai sesama mahluk hidup ciptaan tuhan gaboleh doain ttg keburukan dgn sesama, apapun keadaannya😞 tapi kl ini buat pemerintah gpp sumpah, soalnya dosa WNI ditanggung pemerintah awokawok😜",2025-12-16 13:34:33,1409156137274920967,2,0,0.10526315789473684,in,2025-12-18T06:37:26.217616,2025-12-18_063726_manual
2000922481780253180,Pemerintah gel pncen matane picek!!!,2025-12-16 13:34:29,1248203630160670720,0,0,0.0,in,2025-12-18T06:37:26.217616,2025-12-18_063726_manual
2000922256319635963,"@PikamonID org2 jahat didunia dimusnahkan. Israel, dan pemerintah yang zolim",2025-12-16 13:33:35,1815075110619111424,0,0,0.0,in,2025-12-18T06:37:26.217616,2025-12-18_063726_manual
2000922247561977926,"Gue liat-liat si raja juli, bnpb masih rapat-rapat dan rapat. Hasilnya, ternyata gak solutif anjirrr..sok paling kerja. Ferry Irwandy dia bisa secara komprehensif mikirin dari segala arah dan rapatnya cuma sealakadarnya, bisa bikin sesuatu yg GK dipikirin pemerintah.",2025-12-16 13:33:33,1745813114476761088,0,0,0.0,in,2025-12-18T06:37:26.217616,2025-12-18_063726_manual
2000920106856222997,sia-sia hidup wni yang ga maki-maki pemerintah butut gini,2025-12-16 13:25:03,64142884,0,0,0.0,in,2025-12-18T06:37:26.217616,2025-12-18_063726_manual
2000920095728836632,"@blaugrana1O Susah krna pemerintah maunya kemaun mrk sendiri bkn kemauan bersama berkontribusi untuk negara yg lebih maju. Pdhal mah sah* aja niru negara maju baik itu sistem pendidikan kek, transportasi kek, kesehatan dll",2025-12-16 13:25:00,1976261428580638720,0,0,0.0,in,2025-12-18T06:37:26.217616,2025-12-18_063726_manual
2000920063134851091,"@awarman06 ditunjukkin salah satu bentuk ketimpangan karena ketidakbecusan pemerintah, malah nyalahin sesama rakyat. kasian banget otakmu ga bisa dipake selain buat menghujat orang.",2025-12-16 13:24:53,2563171392,0,0,0.0,in,2025-12-18T06:37:26.217616,2025-12-18_063726_manual
2000920043006386623,"@tanyarlfes Aku juga tadi lagi sedih, buka twt langsung lihat ketololan pemerintah langsung ilang sedihnya",2025-12-16 13:24:48,1366395144899989511,0,0,0.0,in,2025-12-18T06:37:26.217616,2025-12-18_063726_manual
2000920035658014877,"gw cape banget liat pemerintah, eh ketambah tugas kelompok dapet org yg menye² asal-asalan, kalau kagak gw kejar ga bakalan itu dikerjain tugas die, setresss otak gw",2025-12-16 13:24:46,1534059121720209409,0,0,0.0,in,2025-12-18T06:37:26.217616,2025-12-18_063726_manual
2000919971380256892,"@qalam_reza @mog_mediaa jujur ae bang, I hate the govt as much as the next person. Tapi kalo hal kekgini dapat penghargaan sama pemerintah, respons masyarakat kurleb juga bakal nuduh pemerintah cuma 'numpang tenar' kesuksesan dari game doang. they couldn't really win.",2025-12-16 13:24:31,1250685621368057856,0,0,0.0,in,2025-12-18T06:37:26.217616,2025-12-18_063726_manual
2000919947090989379,"setan malu banget tiap buka medsos isinya pemerintah dzolim, malu maluin",2025-12-16 13:24:25,2665131535,0,0,0.0,in,2025-12-18T06:37:26.217616,2025-12-18_063726_manual
2000919917009494514,"@abcdefitria @Ashafi9930 @myusrilalfahmi @womensfootie_id Inget dana yg dikasih ke PSSI oleh pemerintah itu berapa ? 200 juta lebih loh, tapi lu tau ironisnya? Futsal, adek cabor mrk sendiri, dri 200 juta an dana sepakbola itu tau cm dikasih brp ? Sekitar 7 jutaan doang Miris gak ? Bahkan jauh dibawah Badminton loh itu",2025-12-16 13:24:18,1632254408221396992,0,0,0.0,in,2025-12-18T06:37:26.217616,2025-12-18_063726_manual
2000919841885290950,"Paket stimulus Rp 24,44T dari pemerintah benar‑benar smart move Karena fokusnya ke rakyat lewat transport, bantuan sosial dan subsidi upah",2025-12-16 13:24:00,756561492,0,0,0.0,in,2025-12-18T06:37:26.217616,2025-12-18_063726_manual
2000919837003145317,Video: Pemerintah Berikan KUR Untuk 3 Provinsi Terdampak Bencana https://t.co/s5xVTgHE85,2025-12-16 13:23:59,847372542830444544,0,0,0.0,in,2025-12-18T06:37:26.217616,2025-12-18_063726_manual
2000919829939937313,Allahuakbar Allahuakbar ya Allah kayaknya yang perlu diruqyah emang pemerintah,2025-12-16 13:23:57,1904546729925791744,0,0,0.0,in,2025-12-18T06:37:26.217616,2025-12-18_063726_manual
2000919684598915477,@P3gEl @rizrizkyamalia Pemerintah pura2 budeg dg yg beginian,2025-12-16 13:23:22,1903124159481384961,0,0,0.0,in,2025-12-18T06:37:26.217616,2025-12-18_063726_manual
2000919658954944546,"@Ashafi9930 @KRathalos97 @myusrilalfahmi @womensfootie_id Emang lebih baik gak berharap ke pemerintah sih kak, gak ada yang bisa diharapkan soalnya😂",2025-12-16 13:23:16,720968252210319360,0,0,0.0,in,2025-12-18T06:37:26.217616,2025-12-18_063726_manual
2000919647080866287,"""Kita tuh harus lebih positif tau, jangan lah benci benci gitu."" ENGGAK. PEMERINTAH KITA DENGAN KELAKUAN TAI KOTOK INI EMANG LAYAK DIBENCI. GUE IKHLAS ENERGI GUE BUAT NGEBENCI MEREKA.",2025-12-16 13:23:13,66282287,0,0,0.0,in,2025-12-18T06:37:26.217616,2025-12-18_063726_manual
2000919626293838227,"yaa Allah astagfirullah bikin reflek nyebut, pemerintah gila, 02 voters tolol, bodoh, nirempati",2025-12-16 13:23:08,1456023467938103300,0,0,0.0,in,2025-12-18T06:37:26.217616,2025-12-18_063726_manual
2000919580609499220,"@FuzaFirdaus Malaysia ni dari dululah antara terawal selalu bantu Indonesia kalau ada apa apa bencana berbanding negara jiran yang lain. Tapi negara ni jugalah yg paling banyak kena caci maki Indonesian, baik Pemerintah atau rakyatnya. Gara2 ideology Ganyang Malaysia. Menyampah juga rasanya.",2025-12-16 13:22:57,1869273054742032384,0,0,0.0,in,2025-12-18T06:37:26.217616,2025-12-18_063726_manual
2000919548846072082,"dari awal yg menjegal semua bantuan, menyingkirkan masyarakat sumatera, gaslighting masyarakat Indonesia ya PEMERINTAH INDONESIA !!! for pendukung pemerintah especially buzzer sadar dehh kejadian kayak gini bisa menimpa kalian suatu saat 🫵🏻",2025-12-16 13:22:50,1226814126199951360,0,0,0.0,in,2025-12-18T06:37:26.217616,2025-12-18_063726_manual
